"Account Name","Processed Date","Description","Check Number","Credit or Debit","Amount"
"Rosatis Pizza",2025-05-30,"YZBIZINC         ACHPAYMENT ROSATIS PIZZA 8739194 W043",,"Debit",600.00
"Rosatis Pizza",2025-05-30,"INTEGRA GRAPHICS ACH ROSATIS PONTOON BEACH ACH",,"Debit",1311.87
"Rosatis Pizza",2025-05-30,"GRUBHUB INC      MAY ACTVTY SRI PAGANO 25053028NF6FB3B",,"Credit",62.61
"Rosatis Pizza",2025-05-30,"TRANSFER FROM X4649 TO X5669",,"Debit",500.00
"Rosatis Pizza",2025-05-30,"SERVICE CHARGE",,"Debit",15.00
"Rosatis Pizza",2025-05-30,"BREAKTHRU BEVERA FINTECHEFT SRI GANESH FOODS INC R 92-3646577",,"Debit",691.87
"Rosatis Pizza",2025-05-30,"ROBERT CHICK FRI FINTECHEFT SRI GANESH FOODS INC R 92-3646577",,"Debit",138.25
"Rosatis Pizza",2025-05-30,"DOORDASH, INC.   5257 IL-11 SRI GANESH FOODS INC ST-W1S7P8R8H1O7",,"Credit",1466.29
"Rosatis Pizza",2025-05-30,"EBF HOLDINGS LLC EBF DEBIT SRI GANESH FOODS INC. 000000011906033",,"Debit",901.62
"Rosatis Pizza",2025-05-30,"SHIFT4           PYMT PROC ROSATIS PIZZA - PONTOO 068880021925288",,"Credit",2561.03
"Rosatis Pizza",2025-05-29,"RETURN ITEM FEE",,"Debit",35.00
"Rosatis Pizza",2025-05-29,"EBF HOLDINGS LLC EBF DEBIT SRI GANESH FOODS INC. 000000011899791",,"Debit",901.62
"Rosatis Pizza",2025-05-29,"TRANSFER FROM X4649 TO X4665",,"Debit",990.00
"Rosatis Pizza",2025-05-29,"SHIFT4           PYMT PROC ROSATIS PIZZA - PONTOO 068880021925288",,"Credit",2108.98
"Rosatis Pizza",2025-05-29,"YZBIZINC         ACHPAYMENT ROSATIS PIZZA 8731831 W042",,"Debit",600.00
"Rosatis Pizza",2025-05-29,"ACCURATE ACCOUNT ACH SRI GANESH FOODS INC SRI GANESH FOOD",,"Debit",325.00
"Rosatis Pizza",2025-05-29,"TRANSFER FROM X4649 TO X5669",,"Debit",1900.00
"Rosatis Pizza",2025-05-29,"SHIFT4           PYMT PROC ROSATIS PIZZA - PONTOO 068880021925288",,"Credit",3326.11
"Rosatis Pizza",2025-05-29,"OD RETURN ITEM CREDIT",,"Credit",3137.21
"Rosatis Pizza",2025-05-29,"CALL FORCE ONE   CALL FORCE ROSATIS PONTOON 30",,"Debit",150.15
"Rosatis Pizza",2025-05-29,"INTEGRA GRAPHICS ACH ROSATIS PONTOON BEACH ACH",,"Debit",273.78
"Rosatis Pizza",2025-05-28,"REWARDS NETWORK  SETTLEMENT ROSATI'S PIZZA 38318-029860192",,"Debit",3137.21
"Rosatis Pizza",2025-05-28,"YZBIZINC         ACHPAYMENT ROSATIS PIZZA 8726699 W041",,"Debit",600.00
"Rosatis Pizza",2025-05-28,"ROSATI'S PIZZA E ACH DEBIT JAYESH PATEL 9026426795",,"Debit",2126.55
"Rosatis Pizza",2025-05-28,"SOCIAL PAGE SOLU SALE PONTOON BEACH ROSATI S",,"Debit",200.00
"Rosatis Pizza",2025-05-28,"UBER USA 6787    EDI PAYMNT SRI GANESH FOODS INC U21OEU80I55B53X REF*TN*U21OEU80I5\",,"Credit",482.77
"Rosatis Pizza",2025-05-28,"TRANSFER FROM X1239 TO X4649",,"Credit",2200.00
"Rosatis Pizza",2025-05-28,"PRAIRIESTATEGAMI VGTPAYMENT ROSATISPIZZA ROSATISPIZZA",,"Credit",900.51
"Rosatis Pizza",2025-05-28,"EBF HOLDINGS LLC EBF DEBIT SRI GANESH FOODS INC. 000000011893646",,"Debit",901.62
"Rosatis Pizza",2025-05-28,"YZBIZINC         ACHPAYMENT ROSATIS PIZZA 8723217 W040",,"Debit",600.00
"Rosatis Pizza",2025-05-28,"TRANSFER FROM X1239 TO X4649",,"Credit",680.00
"Rosatis Pizza",2025-05-27,"EBF HOLDINGS LLC EBF DEBIT SRI GANESH FOODS INC. 000000011886696",,"Debit",901.62
"Rosatis Pizza",2025-05-27,"SHIFT4           PYMT PROC ROSATIS PIZZA - PONTOO 068880021925288",,"Credit",6002.01
"Rosatis Pizza",2025-05-27,"SHIFT4           PYMT PROC ROSATIS PIZZA - PONTOO 068880021925288",,"Credit",5305.95
"Rosatis Pizza",2025-05-27,"ILLINOIS-AMERICA PAYMENT ROSATIS PIZZA 220040678311",,"Debit",33.77
"Rosatis Pizza",2025-05-27,"DBT CRD CARD# 1567 05/24/25 1020 THE WEBSTAURANT STORE LANCASTER     PADBYWJYGL",,"Debit",276.21
"Rosatis Pizza",2025-05-27,"SHIFT4           PYMT PROC ROSATIS PIZZA - PONTOO 068880021925288",,"Credit",2335.80
"Rosatis Pizza",2025-05-27,"AMERICAN WATER E BILLPAY ROSITASI PIZZA AMERICAN WATER",,"Debit",400.00
"Rosatis Pizza",2025-05-27,"SHIFT4           PYMT PROC ROSATIS PIZZA - PONTOO 068880021925288",,"Credit",4183.01
"Rosatis Pizza",2025-05-27,"TRANSFER FROM X4649 TO X1239",,"Debit",2000.00
"Rosatis Pizza",2025-05-27,"WASTE MANAGEMENT PAYMENT JAY PATEL 000297774583000",,"Debit",69.73
"Rosatis Pizza",2025-05-27,"EBF HOLDINGS LLC EBF DEBIT SRI GANESH FOODS INC. 000000011886695",,"Debit",901.62
"Rosatis Pizza",2025-05-27,"YZBIZINC         ACHPAYMENT ROSATIS PIZZA 8719686 W039",,"Debit",600.00
"Rosatis Pizza",2025-05-27,"REWARDS NETWORK  SETTLEMENT ROSATI'S PIZZA 38313-029845972",,"Debit",2572.98
"Rosatis Pizza",2025-05-27,"AMERICAN WATER E BILLPAY ROSITASI PIZZA AMERICAN WATER",,"Debit",1000.00
"Rosatis Pizza",2025-05-27,"AMERICAN WATER E BILLPAY ROSITASI PIZZA AMERICAN WATER",,"Debit",1000.00
"Rosatis Pizza",2025-05-27,"GRECO_BELLISSIMO SINGLE SRI GANESH FOODS INC 630GRECOILLI",,"Debit",8254.21
"Rosatis Pizza",2025-05-23,"OD RETURN ITEM CREDIT",,"Credit",7940.00
"Rosatis Pizza",2025-05-23,"GRUBHUB INC      MAY ACTVTY SRI PAGANO 25052321NF6FB3B",,"Credit",90.99
"Rosatis Pizza",2025-05-23,"SHIFT4           PYMT PROC ROSATIS PIZZA - PONTOO 068880021925288",,"Credit",4206.57
"Rosatis Pizza",2025-05-23,"CALL FORCE ONE   CALL FORCE ROSATIS PONTOON 30",,"Debit",199.65
"Rosatis Pizza",2025-05-23,"RETURN ITEM FEE",,"Debit",35.00
"Rosatis Pizza",2025-05-23,"DOORDASH, INC.   5257 IL-11 SRI GANESH FOODS INC ST-F9C8I8Z3K0C5",,"Credit",897.78
"Rosatis Pizza",2025-05-23,"EBF HOLDINGS LLC EBF DEBIT SRI GANESH FOODS INC. 000000011878695",,"Debit",901.62
"Rosatis Pizza",2025-05-23,"CHECK 415",415,"Debit",600.00
"Rosatis Pizza",2025-05-23,"RETURN ITEM FEE",,"Debit",35.00
"Rosatis Pizza",2025-05-23,"YZBIZINC         ACHPAYMENT ROSATIS PIZZA 8714634 W038",,"Debit",600.00
"Rosatis Pizza",2025-05-23,"OD RETURN ITEM CREDIT",,"Credit",8995.54
"Rosatis Pizza",2025-05-23,"TRANSFER FROM X4649 TO X1239",,"Debit",5500.00
"Rosatis Pizza",2025-05-22,"EBF HOLDINGS LLC EBF DEBIT SRI GANESH FOODS INC. 000000011872485",,"Debit",901.62
"Rosatis Pizza",2025-05-22,"IL DEPT OF REVEN EDI PYMNTS ROSATIS PIZZA OF PONTO 00000179617712 TXP*45038041*0411*20250331*T*8 99554\",,"Debit",8995.54
"Rosatis Pizza",2025-05-22,"ROBERT CHICK FRI FINTECHEFT SRI GANESH FOODS INC R 92-3646577",,"Debit",58.10
"Rosatis Pizza",2025-05-22,"YZBIZINC         ACHPAYMENT ROSATIS PIZZA 8707177 W037",,"Debit",600.00
"Rosatis Pizza",2025-05-22,"RETURN ITEM FEE",,"Debit",35.00
"Rosatis Pizza",2025-05-22,"POINTE PEST CONT 4698096852 JAY PATEL",,"Debit",85.00
"Rosatis Pizza",2025-05-22,"IL DEPT OF REVEN EDI PYMNTS ROSATIS PIZZA OF PONTO 00001969479600 TXP*45038041*0411*20250430*T*7 94000\",,"Debit",7940.00
"Rosatis Pizza",2025-05-22,"SHIFT4           PYMT PROC ROSATIS PIZZA - PONTOO 068880021925288",,"Credit",4124.08
"Rosatis Pizza",2025-05-22,"OD RETURN ITEM CREDIT",,"Credit",2572.98
"Rosatis Pizza",2025-05-21,"REWARDS NETWORK  SETTLEMENT ROSATI'S PIZZA 38296-029837088",,"Debit",2572.98
"Rosatis Pizza",2025-05-21,"EBF HOLDINGS LLC EBF DEBIT SRI GANESH FOODS INC. 000000011866364",,"Debit",901.62
"Rosatis Pizza",2025-05-21,"YZBIZINC         ACHPAYMENT ROSATIS PIZZA 8701935 W036",,"Debit",600.00
"Rosatis Pizza",2025-05-21,"SHIFT4           PYMT PROC ROSATIS PIZZA - PONTOO 068880021925288",,"Credit",2420.49
"Rosatis Pizza",2025-05-21,"INTEGRA GRAPHICS ACH ROSATIS PONTOON BEACH ACH",,"Debit",371.12
"Rosatis Pizza",2025-05-20,"TRANSFER FROM X4649 TO X1239",,"Debit",6500.00
"Rosatis Pizza",2025-05-20,"DBT CRD CARD# 1567 05/19/25 2316 THE WEBSTAURANT STORE LANCASTER     PADB20SD14",,"Debit",99.00
"Rosatis Pizza",2025-05-20,"TRANSFER FROM X4649 TO X1239",,"Debit",900.00
"Rosatis Pizza",2025-05-20,"CHECK 20414",20414,"Debit",161.80
"Rosatis Pizza",2025-05-20,"SHIFT4           PYMT PROC ROSATIS PIZZA - PONTOO 068880021925288",,"Credit",5291.64
"Rosatis Pizza",2025-05-20,"YZBIZINC         ACHPAYMENT ROSATIS PIZZA 8695974 W035",,"Debit",600.00
"Rosatis Pizza",2025-05-20,"ROSATI'S PIZZA E ACH DEBIT JAYESH PATEL 9026343256",,"Debit",1849.23
"Rosatis Pizza",2025-05-20,"EBF HOLDINGS LLC EBF DEBIT SRI GANESH FOODS INC. 000000011860277",,"Debit",901.62
"Rosatis Pizza",2025-05-20,"UBER USA 6787    EDI PAYMNT SRI GANESH FOODS INC BSVAWQRTQKJWCI7 REF*TN*BSVAWQRTQK\",,"Credit",540.93
"Rosatis Pizza",2025-05-20,"PAYONEER 7362    EDI PAYMNT SRI GANESH FOODS INC 366185019320079 REF*TN*3661850193*EZCATER PAYM ENT\",,"Credit",831.61
"Rosatis Pizza",2025-05-20,"SHIFT4           PYMT PROC ROSATIS PIZZA - PONTOO 068880021925288",,"Credit",2901.43
"Rosatis Pizza",2025-05-19,"TRANSFER FROM X4649 TO X5247",,"Debit",3800.00
"Rosatis Pizza",2025-05-19,"SHIFT4           PYMT PROC ROSATIS PIZZA - PONTOO 068880021925288",,"Credit",9173.38
"Rosatis Pizza",2025-05-19,"EBF HOLDINGS LLC EBF DEBIT SRI GANESH FOODS INC. 000000011854108",,"Debit",901.62
"Rosatis Pizza",2025-05-19,"SHIFT4           PYMT PROC ROSATIS PIZZA - PONTOO 068880021925288",,"Credit",6479.44
"Rosatis Pizza",2025-05-19,"GRECO_BELLISSIMO SINGLE SRI GANESH FOODS INC 630GRECOILLI",,"Debit",9000.00
"Rosatis Pizza",2025-05-19,"YZBIZINC         ACHPAYMENT ROSATIS PIZZA 8691151 W034",,"Debit",600.00
"Rosatis Pizza",2025-05-16,"EBF HOLDINGS LLC EBF DEBIT SRI GANESH FOODS INC. 000000011847962",,"Debit",901.62
"Rosatis Pizza",2025-05-16,"SHIFT4           PYMT PROC ROSATIS PIZZA - PONTOO 068880021925288",,"Credit",3580.58
"Rosatis Pizza",2025-05-16,"DOORDASH, INC.   5257 IL-11 SRI GANESH FOODS INC ST-C8H6Z8H8O9E5",,"Credit",1266.71
"Rosatis Pizza",2025-05-16,"SHIFT4           PYMT PROC ROSATIS PIZZA - PONTOO 068880021925288",,"Credit",4025.35
"Rosatis Pizza",2025-05-16,"TRANSFER FROM X4649 TO X1239",,"Debit",7500.00
"Rosatis Pizza",2025-05-16,"YZBIZINC         ACHPAYMENT ROSATIS PIZZA 8686005 W033",,"Debit",600.00
"Rosatis Pizza",2025-05-16,"GRUBHUB INC      MAY ACTVTY SRI PAGANO 25051614NF6FB3B",,"Credit",228.84
"Rosatis Pizza",2025-05-15,"CALL FORCE ONE   CALL FORCE ROSATIS PONTOON 30",,"Debit",163.35
"Rosatis Pizza",2025-05-15,"ROBERT CHICK FRI FINTECHEFT SRI GANESH FOODS INC R 92-3646577",,"Debit",263.70
"Rosatis Pizza",2025-05-15,"EBF HOLDINGS LLC EBF DEBIT SRI GANESH FOODS INC. 000000011841794",,"Debit",901.62
"Rosatis Pizza",2025-05-15,"YZBIZINC         ACHPAYMENT ROSATIS PIZZA 8678901 W032",,"Debit",600.00
"Rosatis Pizza",2025-05-15,"TRANSFER FROM X1239 TO X4649",,"Credit",2651.00
"Rosatis Pizza",2025-05-15,"CHECK 20413",20413,"Debit",750.00
"Rosatis Pizza",2025-05-14,"TRANSFER FROM X4665 TO X4649",,"Credit",1703.00
"Rosatis Pizza",2025-05-14,"STOKES DISTRIBUT FINTECHEFT SRI GANESH FOODS INC R 92-3646577",,"Credit",24.90
"Rosatis Pizza",2025-05-14,"EBF HOLDINGS LLC EBF DEBIT SRI GANESH FOODS INC. 000000011835686",,"Debit",901.62
"Rosatis Pizza",2025-05-14,"YZBIZINC         ACHPAYMENT ROSATIS PIZZA 8673687 W031",,"Debit",600.00
"Rosatis Pizza",2025-05-14,"W/D SVC 1154 05/14/25 00002731 03 ROSATI S PIZZA 5147 PAGANO CT PONTOON BEACHIL C# 1567",,"Debit",3.00
"Rosatis Pizza",2025-05-14,"SHIFT4           PYMT PROC ROSATIS PIZZA - PONTOO 068880021925288",,"Credit",2696.05
"Rosatis Pizza",2025-05-14,"ATM W/D CARD# 1567 05/14/25 1154 03 ROSATI S PIZZA 5147 PAGANO CT PONTOON BEACH IL00002731",,"Debit",503.00
"Rosatis Pizza",2025-05-14,"REWARDS NETWORK  SETTLEMENT ROSATI'S PIZZA 38274-029814151",,"Debit",2640.82
"Rosatis Pizza",2025-05-14,"TRANSFER FROM X4665 TO X4649",,"Credit",560.00
"Rosatis Pizza",2025-05-14,"INTEGRA GRAPHICS ACH ROSATIS PONTOON BEACH ACH",,"Debit",274.47
"Rosatis Pizza",2025-05-13,"ROSATI'S PIZZA E ACH DEBIT JAYESH PATEL 9026273854",,"Debit",1806.27
"Rosatis Pizza",2025-05-13,"PRAIRIESTATEGAMI VGTPAYMENT ROSATISPIZZA ROSATISPIZZA",,"Credit",1411.41
"Rosatis Pizza",2025-05-13,"UBER USA 6787    EDI PAYMNT SRI GANESH FOODS INC 7H8XZ2MO2WEUOL4 REF*TN*7H8XZ2MO2W\",,"Credit",565.65
"Rosatis Pizza",2025-05-13,"TRANSFER FROM X4649 TO X4665",,"Debit",1675.00
"Rosatis Pizza",2025-05-13,"EBF HOLDINGS LLC EBF DEBIT SRI GANESH FOODS INC. 000000011829609",,"Debit",901.62
"Rosatis Pizza",2025-05-13,"YZBIZINC         ACHPAYMENT ROSATIS PIZZA 8668838 W030",,"Debit",600.00
"Rosatis Pizza",2025-05-13,"SHIFT4           PYMT PROC ROSATIS PIZZA - PONTOO 068880021925288",,"Credit",2636.29
"Rosatis Pizza",2025-05-12,"SHIFT4           PYMT PROC ROSATIS PIZZA - PONTOO 068880021925288",,"Credit",5698.11
"Rosatis Pizza",2025-05-12,"SHIFT4           PYMT PROC ROSATIS PIZZA - PONTOO 068880021925288",,"Credit",5227.77
"Rosatis Pizza",2025-05-12,"STOKES DISTRIBUT FINTECHEFT SRI GANESH FOODS INC R 92-3646577",,"Debit",104.50
"Rosatis Pizza",2025-05-12,"PHS ENTERPRISES  ACH COLLEC SRI GANESH FOODS INC ROSATI'S PIZZA",,"Debit",1847.75
"Rosatis Pizza",2025-05-12,"SHIFT4           PYMT PROC ROSATIS PIZZA - PONTOO 068880021925288",,"Credit",4748.98
"Rosatis Pizza",2025-05-12,"DBT CRD CARD# 1567 05/11/25 0444 REPEAT RETURNS FLORENCE      KYDBY472BK",,"Debit",60.00
"Rosatis Pizza",2025-05-12,"GRECO_BELLISSIMO SINGLE SRI GANESH FOODS INC 630GRECOILLI",,"Debit",3674.19
"Rosatis Pizza",2025-05-12,"YZBIZINC         ACHPAYMENT ROSATIS PIZZA 8663562 W029",,"Debit",600.00
"Rosatis Pizza",2025-05-12,"CALL FORCE ONE   CALL FORCE ROSATIS PONTOON 30",,"Debit",214.50
"Rosatis Pizza",2025-05-12,"TRANSFER FROM X4649 TO X1239",,"Debit",10000.00
"Rosatis Pizza",2025-05-12,"EBF HOLDINGS LLC EBF DEBIT SRI GANESH FOODS INC. 000000011823461",,"Debit",901.62
"Rosatis Pizza",2025-05-09,"TRANSFER FROM X4649 TO X5247",,"Debit",1800.00
"Rosatis Pizza",2025-05-09,"DOORDASH, INC.   5257 IL-11 SRI GANESH FOODS INC ST-L4N8L1A8S5B7",,"Credit",1205.58
"Rosatis Pizza",2025-05-09,"YZBIZINC         ACHPAYMENT ROSATIS PIZZA 8658429 W028",,"Debit",600.00
"Rosatis Pizza",2025-05-09,"EBF HOLDINGS LLC EBF DEBIT SRI GANESH FOODS INC. 000000011817332",,"Debit",901.62
"Rosatis Pizza",2025-05-09,"TRANSFER FROM X4649 TO X4665",,"Debit",630.00
"Rosatis Pizza",2025-05-09,"CHECK 20412",20412,"Debit",800.00
"Rosatis Pizza",2025-05-09,"SHIFT4           PYMT PROC ROSATIS PIZZA - PONTOO 068880021925288",,"Credit",4669.45
"Rosatis Pizza",2025-05-09,"LIBERTY          MUTUAL SRI GANESH REALTY 2 *L 2920193",,"Debit",424.75
"Rosatis Pizza",2025-05-09,"GRUBHUB INC      MAY ACTVTY SRI PAGANO 25050907NF6FB3B",,"Credit",38.12
"Rosatis Pizza",2025-05-08,"SHIFT4           PYMT PROC ROSATIS PIZZA - PONTOO 068880021925288",,"Credit",3676.99
"Rosatis Pizza",2025-05-08,"EBF HOLDINGS LLC EBF DEBIT SRI GANESH FOODS INC. 000000011811202",,"Debit",901.62
"Rosatis Pizza",2025-05-08,"DEPOSIT/CREDIT RE:",,"Credit",1288.00
"Rosatis Pizza",2025-05-08,"TRANSFER FROM X4649 TO X5669",,"Debit",1780.00
"Rosatis Pizza",2025-05-08,"ROBERT CHICK FRI FINTECHEFT SRI GANESH FOODS INC R 92-3646577",,"Debit",352.45
"Rosatis Pizza",2025-05-08,"YZBIZINC         ACHPAYMENT ROSATIS PIZZA 8651016 W027",,"Debit",600.00
"Rosatis Pizza",2025-05-07,"TRANSFER FROM X1239 TO X4649",,"Credit",100.00
"Rosatis Pizza",2025-05-07,"EBF HOLDINGS LLC EBF DEBIT SRI GANESH FOODS INC. 000000011805138",,"Debit",901.62
"Rosatis Pizza",2025-05-07,"ADT SECURITY SER ADTPAPACH ROSATI'S PIZZA 404873621",,"Debit",57.23
"Rosatis Pizza",2025-05-07,"YZBIZINC         ACHPAYMENT ROSATIS PIZZA 8645606 W026",,"Debit",600.00
"Rosatis Pizza",2025-05-07,"REWARDS NETWORK  SETTLEMENT ROSATI'S PIZZA 38252-029791260",,"Debit",2320.00
"Rosatis Pizza",2025-05-07,"SHIFT4           PYMT PROC ROSATIS PIZZA - PONTOO 068880021925288",,"Credit",3277.89
"Rosatis Pizza",2025-05-06,"SHIFT4           PYMT PROC ROSATIS PIZZA - PONTOO 068880021925288",,"Credit",2851.29
"Rosatis Pizza",2025-05-06,"EBF HOLDINGS LLC EBF DEBIT SRI GANESH FOODS INC. 000000011799134",,"Debit",901.62
"Rosatis Pizza",2025-05-06,"PAYONEER 7362    EDI PAYMNT SRI GANESH FOODS INC 366185001864775 REF*TN*3661850018*EZCATER PAYM ENT\",,"Credit",396.01
"Rosatis Pizza",2025-05-06,"SWITCH COMMERCE  0430 FUND SRI GANESH FOODS INC 187094",,"Credit",136.50
"Rosatis Pizza",2025-05-06,"ROSATI'S PIZZA E ACH DEBIT JAYESH PATEL 9026080348",,"Debit",1777.69
"Rosatis Pizza",2025-05-06,"UBER USA 6787    EDI PAYMNT SRI GANESH FOODS INC Q2WWST6ASH53BAO REF*TN*Q2WWST6ASH\",,"Credit",379.30
"Rosatis Pizza",2025-05-06,"YZBIZINC         ACHPAYMENT ROSATIS PIZZA 8640316 W025",,"Debit",600.00
"Rosatis Pizza",2025-05-05,"GRECO_BELLISSIMO SINGLE SRI GANESH FOODS INC 630GRECOILLI",,"Debit",5991.88
"Rosatis Pizza",2025-05-05,"PAYTRONIXCASH CD CASH C&D 1946 - SRI GANESH FOOD 1946 - SRI GANE",,"Credit",113.52
"Rosatis Pizza",2025-05-05,"SHIFT4           PYMT PROC ROSATIS PIZZA - PONTOO 068880021925288",,"Credit",3642.04
"Rosatis Pizza",2025-05-05,"TRANSFER FROM X1239 TO X4649",,"Credit",800.00
"Rosatis Pizza",2025-05-05,"SHIFT4           PYMT PROC ROSATIS PIZZA - PONTOO 068880021925288",,"Credit",11468.06
"Rosatis Pizza",2025-05-05,"PBG - G&A OU     CORP PMT 2004156387 ROSATIS PIZ 050320252154113",,"Debit",1333.84
"Rosatis Pizza",2025-05-05,"EBF HOLDINGS LLC EBF DEBIT SRI GANESH FOODS INC. 000000011793041",,"Debit",901.62
"Rosatis Pizza",2025-05-05,"YZBIZINC         ACHPAYMENT ROSATIS PIZZA 8635033 W024",,"Debit",600.00
"Rosatis Pizza",2025-05-05,"CHECK 20410",20410,"Debit",800.00
"Rosatis Pizza",2025-05-05,"TRANSFER FROM X4649 TO X1239",,"Debit",7000.00
"Rosatis Pizza",2025-05-02,"CLEAN AR         CLEAN ACH ROSATI'S PIZZA 6218764",,"Debit",622.88
"Rosatis Pizza",2025-05-02,"SHIFT4           PYMT PROC ROSATIS PIZZA - PONTOO 068880021925288",,"Credit",3734.04
"Rosatis Pizza",2025-05-02,"SOCIETY INSURANC 8885762438 JAY PATEL 421189261158",,"Debit",1377.24
"Rosatis Pizza",2025-05-02,"GRUBHUB INC      APR ACTVTY SRI PAGANO 25050201NF6FB3B",,"Credit",52.85
"Rosatis Pizza",2025-05-02,"SHIFT4           FEES ROSATIS PIZZA - PONTOO 068880021925288",,"Debit",3935.67
"Rosatis Pizza",2025-05-02,"SHIFT4           PYMT PROC ROSATIS PIZZA - PONTOO 068880021925288",,"Credit",3084.58
"Rosatis Pizza",2025-05-02,"PLP COMMUNICATIO PAYMENT PATEL,JAY 202158432395 202158432395",,"Debit",195.41
"Rosatis Pizza",2025-05-02,"ROSATI'S PIZZA E ACH DEBIT JAYESH PATEL 9025589874",,"Debit",99.00
"Rosatis Pizza",2025-05-02,"SHIFT4           FEES ROSATIS PIZZA - PONTOO 068880021925296",,"Debit",30.00
"Rosatis Pizza",2025-05-02,"DOORDASH, INC.   5257 IL-11 SRI GANESH FOODS INC ST-X4Q5T1D3K9R9",,"Credit",1366.11
"Rosatis Pizza",2025-05-02,"YZBIZINC         ACHPAYMENT ROSATIS PIZZA 8629971 W023",,"Debit",600.00
"Rosatis Pizza",2025-05-02,"GRUBHUB INC      APR ACTVTY SRI PAGANO 25050230NF6FB3B",,"Credit",242.02
"Rosatis Pizza",2025-05-02,"ARROW POS, INC.  MTHLY SUPP ROSATIS PIZZA PONTOON 614-657-5060",,"Debit",129.00
"Rosatis Pizza",2025-05-02,"EBF HOLDINGS LLC EBF DEBIT SRI GANESH FOODS INC. 000000011786985",,"Debit",901.62
"Rosatis Pizza",2025-05-01,"EBF HOLDINGS LLC EBF DEBIT SRI GANESH FOODS INC. 000000011780908",,"Debit",901.62
"Rosatis Pizza",2025-05-01,"YZBIZINC         ACHPAYMENT ROSATIS PIZZA 8622710 W022",,"Debit",600.00
"Rosatis Pizza",2025-05-01,"TRANSFER FROM X1239 TO X4649",,"Credit",2100.00
"Rosatis Pizza",2025-05-01,"KOERNER DISTRIBU FINTECHEFT SRI GANESH FOODS INC R 92-3646577",,"Debit",145.00
"Rosatis Pizza",2025-05-01,"ROBERT CHICK FRI FINTECHEFT SRI GANESH FOODS INC R 92-3646577",,"Debit",184.25
"Rosatis Pizza",2025-05-01,"CHECK 20411",20411,"Debit",285.00
"Rosatis Pizza",2025-04-30,"TRANSFER FROM X1239 TO X4649",,"Credit",1200.00
"Rosatis Pizza",2025-04-30,"REWARDS NETWORK  SETTLEMENT ROSATI'S PIZZA 38228-029767586",,"Debit",2336.60
"Rosatis Pizza",2025-04-30,"CALL FORCE ONE   CALL FORCE ROSATIS PONTOON 30",,"Debit",193.05
"Rosatis Pizza",2025-04-30,"SHIFT4           PYMT PROC ROSATIS PIZZA - PONTOO 068880021925288",,"Credit",2659.94
"Rosatis Pizza",2025-04-30,"YZBIZINC         ACHPAYMENT ROSATIS PIZZA 8617540 W021",,"Debit",600.00
"Rosatis Pizza",2025-04-30,"EBF HOLDINGS LLC EBF DEBIT SRI GANESH FOODS INC. 000000011774855",,"Debit",901.62
"Rosatis Pizza",2025-04-29,"PAYONEER 7362    EDI PAYMNT SRI GANESH FOODS INC 366184983704428 REF*TN*3661849837*EZCATER PAYM ENT\",,"Credit",142.71
"Rosatis Pizza",2025-04-29,"YZBIZINC         ACHPAYMENT ROSATIS PIZZA 8611957 W020",,"Debit",600.00
"Rosatis Pizza",2025-04-29,"EBF HOLDINGS LLC EBF DEBIT SRI GANESH FOODS INC. 000000011768825",,"Debit",901.62
"Rosatis Pizza",2025-04-29,"SHIFT4           PYMT PROC ROSATIS PIZZA - PONTOO 068880021925288",,"Credit",2770.63
"Rosatis Pizza",2025-04-29,"UBER USA 6787    EDI PAYMNT SRI GANESH FOODS INC 4328CT4RV3NCQHE REF*TN*4328CT4RV3\",,"Credit",684.21
"Rosatis Pizza",2025-04-29,"ROSATI'S PIZZA E ACH DEBIT JAYESH PATEL 9026004721",,"Debit",1891.54
"Rosatis Pizza",2025-04-28,"SHIFT4           PYMT PROC ROSATIS PIZZA - PONTOO 068880021925288",,"Credit",4646.72
"Rosatis Pizza",2025-04-28,"CALL FORCE ONE   CALL FORCE ROSATIS PONTOON 30",,"Debit",173.25
"Rosatis Pizza",2025-04-28,"ACCURATE ACCOUNT ACH SRI GANESH FOODS INC SRI GANESH FOOD",,"Debit",325.00
"Rosatis Pizza",2025-04-28,"GRECO_BELLISSIMO SINGLE SRI GANESH FOODS INC 630GRECOILLI",,"Debit",19101.21
"Rosatis Pizza",2025-04-28,"SHIFT4           PYMT PROC ROSATIS PIZZA - PONTOO 068880021925288",,"Credit",3691.57
"Rosatis Pizza",2025-04-28,"YZBIZINC         ACHPAYMENT ROSATIS PIZZA 8607397 W019",,"Debit",600.00
"Rosatis Pizza",2025-04-28,"STOKES DISTRIBUT FINTECHEFT SRI GANESH FOODS INC R 92-3646577",,"Debit",623.40
"Rosatis Pizza",2025-04-28,"TRANSFER FROM X1239 TO X4649",,"Credit",5400.00
"Rosatis Pizza",2025-04-28,"EBF HOLDINGS LLC EBF DEBIT SRI GANESH FOODS INC. 000000011762750",,"Debit",901.62
"Rosatis Pizza",2025-04-28,"SOCIAL PAGE SOLU SALE PONTOON BEACH ROSATI S",,"Debit",200.00
"Rosatis Pizza",2025-04-28,"SHIFT4           PYMT PROC ROSATIS PIZZA - PONTOO 068880021925288",,"Credit",5190.37
"Rosatis Pizza",2025-04-28,"ILLINOIS-AMERICA PAYMENT ROSATIS PIZZA 220040678311",,"Debit",33.77
"Rosatis Pizza",2025-04-25,"EBF HOLDINGS LLC EBF DEBIT SRI GANESH FOODS INC. 000000011756697",,"Debit",901.62
"Rosatis Pizza",2025-04-25,"TRANSFER FROM X4649 TO X4665",,"Debit",3400.00
"Rosatis Pizza",2025-04-25,"SHIFT4           PYMT PROC ROSATIS PIZZA - PONTOO 068880021925288",,"Credit",3655.63
"Rosatis Pizza",2025-04-25,"TRANSFER FROM X4649 TO X5669",,"Debit",1400.00
"Rosatis Pizza",2025-04-25,"DOORDASH, INC.   5257 IL-11 SRI GANESH FOODS INC ST-F5N8X2W9P9R9",,"Credit",1127.81
"Rosatis Pizza",2025-04-25,"YZBIZINC         ACHPAYMENT ROSATIS PIZZA 8602468 W018",,"Debit",600.00
"Rosatis Pizza",2025-04-25,"SOUTHERN GLAZER' FINTECHEFT SRI GANESH FOODS INC R 92-3646577",,"Debit",739.20
"Rosatis Pizza",2025-04-25,"PRAIRIESTATEGAMI VGTPAYMENT ROSATISPIZZA ROSATISPIZZA",,"Credit",1922.00
"Rosatis Pizza",2025-04-25,"GRUBHUB INC      APR ACTVTY SRI PAGANO 25042523NF6FB3B",,"Credit",241.64
"Rosatis Pizza",2025-04-24,"RETURN ITEM FEE",,"Debit",35.00
"Rosatis Pizza",2025-04-24,"ROBERT CHICK FRI FINTECHEFT SRI GANESH FOODS INC R 92-3646577",,"Debit",226.95
"Rosatis Pizza",2025-04-24,"SHIFT4           PYMT PROC ROSATIS PIZZA - PONTOO 068880021925288",,"Credit",4260.59
"Rosatis Pizza",2025-04-24,"WASTE MANAGEMENT PAYMENT JAY PATEL 000297774583000",,"Debit",94.26
"Rosatis Pizza",2025-04-24,"OD RETURN ITEM CREDIT",,"Credit",8642.00
"Rosatis Pizza",2025-04-24,"EBF HOLDINGS LLC EBF DEBIT SRI GANESH FOODS INC. 000000011750650",,"Debit",901.62
"Rosatis Pizza",2025-04-24,"YZBIZINC         ACHPAYMENT ROSATIS PIZZA 8595102 W017",,"Debit",600.00
"Rosatis Pizza",2025-04-23,"IL DEPT OF REVEN EDI PYMNTS ROSATIS PIZZA OF PONTO 00001440332720 TXP*45038041*0411*20250331*T*8 64200\",,"Debit",8642.00
"Rosatis Pizza",2025-04-23,"EBF HOLDINGS LLC EBF DEBIT SRI GANESH FOODS INC. 000000011744658",,"Debit",901.62
"Rosatis Pizza",2025-04-23,"REWARDS NETWORK  SETTLEMENT ROSATI'S PIZZA 38206-029744855",,"Debit",2835.77
"Rosatis Pizza",2025-04-23,"TRANSFER FROM X1239 TO X4649",,"Credit",1000.00
"Rosatis Pizza",2025-04-23,"SHIFT4           PYMT PROC ROSATIS PIZZA - PONTOO 068880021925288",,"Credit",2651.32
"Rosatis Pizza",2025-04-23,"YZBIZINC         ACHPAYMENT ROSATIS PIZZA 8590110 W016",,"Debit",600.00
"Rosatis Pizza",2025-04-22,"YZBIZINC         ACHPAYMENT ROSATIS PIZZA 8584699 W015",,"Debit",600.00
"Rosatis Pizza",2025-04-22,"EBF HOLDINGS LLC EBF DEBIT SRI GANESH FOODS INC. 000000011739100",,"Debit",901.62
"Rosatis Pizza",2025-04-22,"ROSATI'S PIZZA E ACH DEBIT JAYESH PATEL 9025923867",,"Debit",1623.61
"Rosatis Pizza",2025-04-22,"PAYONEER 7362    EDI PAYMNT SRI GANESH FOODS INC 366184974556979 REF*TN*3661849745*EZCATER PAYM ENT\",,"Credit",275.18
"Rosatis Pizza",2025-04-22,"UBER USA 6787    EDI PAYMNT SRI GANESH FOODS INC MATDA26CAV1Y6M4 REF*TN*MATDA26CAV\",,"Credit",546.33
"Rosatis Pizza",2025-04-22,"SHIFT4           PYMT PROC ROSATIS PIZZA - PONTOO 068880021925288",,"Credit",2967.87
"Rosatis Pizza",2025-04-21,"YZBIZINC         ACHPAYMENT ROSATIS PIZZA 8579857 W014",,"Debit",600.00
"Rosatis Pizza",2025-04-21,"W/D SVC 1315 04/20/25 00002648 03 ROSATI S PIZZA 5147 PAGANO CT PONTOON BEACHIL C# 1567",,"Debit",3.00
"Rosatis Pizza",2025-04-21,"TRANSFER FROM X4649 TO X4665",,"Debit",1700.00
"Rosatis Pizza",2025-04-21,"WIRE TRANSFER DEBIT BELLISSIMO DISTRIBUTION LLC 124000054 984168054 1550 HECHT DR. BARTLETT, IL 60103 ZIONS BANCORP SALT LAKE CITY            UT ROSATI'S PIZZA- PONTOON BEACH 20250421MMQFMPUN000153 20250421L4B74B3C001818 04211252FT01",,"Debit",9458.70
"Rosatis Pizza",2025-04-21,"W/D SVC 1940 04/19/25 00002647 03 ROSATI S PIZZA 5147 PAGANO CT PONTOON BEACHIL C# 1567",,"Debit",3.00
"Rosatis Pizza",2025-04-21,"TRANSFER FROM X4649 TO X5247",,"Debit",3200.00
"Rosatis Pizza",2025-04-21,"WIRE TRANSFER FEE",,"Debit",30.00
"Rosatis Pizza",2025-04-21,"SHIFT4           PYMT PROC ROSATIS PIZZA - PONTOO 068880021925288",,"Credit",10324.30
"Rosatis Pizza",2025-04-21,"ATM W/D CARD# 1567 04/20/25 1315 03 ROSATI S PIZZA 5147 PAGANO CT PONTOON BEACH IL00002648",,"Debit",503.00
"Rosatis Pizza",2025-04-21,"CALL FORCE ONE   CALL FORCE ROSATIS PONTOON 30",,"Debit",202.95
"Rosatis Pizza",2025-04-21,"POINTE PEST CONT 4698096852 JAY PATEL",,"Debit",85.00
"Rosatis Pizza",2025-04-21,"PBG - G&A OU     CORP PMT 2004156387 ROSATIS PIZ 041920252202119",,"Debit",1396.12
"Rosatis Pizza",2025-04-21,"EBF HOLDINGS LLC EBF DEBIT SRI GANESH FOODS INC. 000000011733075",,"Debit",901.62
"Rosatis Pizza",2025-04-21,"ATM W/D CARD# 1567 04/19/25 1940 03 ROSATI S PIZZA 5147 PAGANO CT PONTOON BEACH IL00002647",,"Debit",503.00
"Rosatis Pizza",2025-04-21,"SHIFT4           PYMT PROC ROSATIS PIZZA - PONTOO 068880021925288",,"Credit",2282.64
"Rosatis Pizza",2025-04-18,"ILLINOIS GAMING  EDI PYMNTS SRI GANESH FOODS INC 730022",,"Credit",750.00
"Rosatis Pizza",2025-04-18,"YZBIZINC         ACHPAYMENT ROSATIS PIZZA 8574860 W013",,"Debit",600.00
"Rosatis Pizza",2025-04-18,"DBT CRD CARD# 1567 04/17/25 2317 THE WEBSTAURANT STORE LANCASTER     PADBONSSY1",,"Debit",99.00
"Rosatis Pizza",2025-04-18,"EBF HOLDINGS LLC EBF DEBIT SRI GANESH FOODS INC. 000000011727041",,"Debit",901.62
"Rosatis Pizza",2025-04-18,"SHIFT4           PYMT PROC ROSATIS PIZZA - PONTOO 068880021925288",,"Credit",5099.86
"Rosatis Pizza",2025-04-18,"GRUBHUB INC      APR ACTVTY SRI PAGANO 25041816NF6FB3B",,"Credit",382.29
"Rosatis Pizza",2025-04-18,"DOORDASH, INC.   5257 IL-11 SRI GANESH FOODS INC ST-K4M2Q5L2L8H3",,"Credit",1319.67
"Rosatis Pizza",2025-04-18,"TRANSFER FROM X4649 TO X5247",,"Debit",1331.00
"Rosatis Pizza",2025-04-17,"EBF HOLDINGS LLC EBF DEBIT SRI GANESH FOODS INC. 000000011720948",,"Debit",901.62
"Rosatis Pizza",2025-04-17,"SHIFT4           PYMT PROC ROSATIS PIZZA - PONTOO 068880021925288",,"Credit",4002.13
"Rosatis Pizza",2025-04-17,"W/D SVC 1239 04/17/25 00002633 03 ROSATI S PIZZA 5147 PAGANO CT PONTOON BEACHIL C# 1567",,"Debit",3.00
"Rosatis Pizza",2025-04-17,"ATM W/D CARD# 1567 04/17/25 1239 03 ROSATI S PIZZA 5147 PAGANO CT PONTOON BEACH IL00002633",,"Debit",503.00
"Rosatis Pizza",2025-04-17,"YZBIZINC         ACHPAYMENT ROSATIS PIZZA 8567013 W012",,"Debit",600.00
"Rosatis Pizza",2025-04-16,"EBF HOLDINGS LLC EBF DEBIT SRI GANESH FOODS INC. 000000011714887",,"Debit",901.62
"Rosatis Pizza",2025-04-16,"REWARDS NETWORK  SETTLEMENT ROSATI'S PIZZA 38184-029721861",,"Debit",2737.67
"Rosatis Pizza",2025-04-16,"MADISON CO SSA A 58BLUOHXNQ ROSATIS PIZZA 618-931-3400",,"Debit",725.83
"Rosatis Pizza",2025-04-16,"YZBIZINC         ACHPAYMENT ROSATIS PIZZA 8561809 W011",,"Debit",600.00
"Rosatis Pizza",2025-04-16,"SHIFT4           PYMT PROC ROSATIS PIZZA - PONTOO 068880021925288",,"Credit",4039.96
"Rosatis Pizza",2025-04-15,"SHIFT4           PYMT PROC ROSATIS PIZZA - PONTOO 068880021925288",,"Credit",2655.06
"Rosatis Pizza",2025-04-15,"DBT CRD CARD# 1567 04/15/25 1803 HERFF JONES 8888131347    INDBJEO9B0",,"Debit",66.84
"Rosatis Pizza",2025-04-15,"PAYONEER 7362    EDI PAYMNT SRI GANESH FOODS INC 366184965944914 REF*TN*3661849659*EZCATER PAYM ENT\",,"Credit",969.44
"Rosatis Pizza",2025-04-15,"UBER USA 6787    EDI PAYMNT SRI GANESH FOODS INC GZGIJN2SQ7JZ88Y REF*TN*GZGIJN2SQ7\",,"Credit",587.64
"Rosatis Pizza",2025-04-15,"ROSATI'S PIZZA E ACH DEBIT JAYESH PATEL 9025814787",,"Debit",1628.20
"Rosatis Pizza",2025-04-15,"EBF HOLDINGS LLC EBF DEBIT SRI GANESH FOODS INC. 000000011708839",,"Debit",901.62
"Rosatis Pizza",2025-04-15,"YZBIZINC         ACHPAYMENT ROSATIS PIZZA 8557149 W010",,"Debit",600.00
"Rosatis Pizza",2025-04-15,"ROSATI'S PIZZA E ACH DEBIT JAYESH PATEL 9025582671",,"Debit",99.00
"Rosatis Pizza",2025-04-14,"TRANSFER FROM X1239 TO X4649",,"Credit",2400.00
"Rosatis Pizza",2025-04-14,"PHS ENTERPRISES  ACH COLLEC SRI GANESH FOODS INC ROSATI'S PIZZA",,"Debit",2025.25
"Rosatis Pizza",2025-04-14,"TRANSFER FROM X1239 TO X4649",,"Credit",600.00
"Rosatis Pizza",2025-04-14,"EBF HOLDINGS LLC EBF DEBIT SRI GANESH FOODS INC. 000000011702767",,"Debit",901.62
"Rosatis Pizza",2025-04-14,"DBT CRD CARD# 1567 04/11/25 0448 REPEAT RETURNS FLORENCE      KYDBCBLA1X",,"Debit",60.00
"Rosatis Pizza",2025-04-14,"DBT CRD CARD# 1567 04/12/25 2050 ROSATIS PIZZA - PONTOO GRANITE CITY  ILDBZ6728F",,"Debit",25.15
"Rosatis Pizza",2025-04-14,"SHIFT4           PYMT PROC ROSATIS PIZZA - PONTOO 068880021925288",,"Credit",3750.89
"Rosatis Pizza",2025-04-14,"SHIFT4           PYMT PROC ROSATIS PIZZA - PONTOO 068880021925288",,"Credit",5023.13
"Rosatis Pizza",2025-04-14,"SHIFT4           PYMT PROC ROSATIS PIZZA - PONTOO 068880021925288",,"Credit",6876.41
"Rosatis Pizza",2025-04-14,"CHECK 20409",20409,"Debit",600.00
"Rosatis Pizza",2025-04-14,"GRECO_BELLISSIMO SINGLE SRI GANESH FOODS INC 630GRECOILLI",,"Debit",14736.04
"Rosatis Pizza",2025-04-14,"SHIFT4           PYMT PROC ROSATIS PIZZA - PONTOO 068880021925288",,"Credit",101.46
"Rosatis Pizza",2025-04-14,"YZBIZINC         ACHPAYMENT ROSATIS PIZZA 8552117 W009",,"Debit",600.00
"Rosatis Pizza",2025-04-11,"EBF HOLDINGS LLC EBF DEBIT SRI GANESH FOODS INC. 000000011696707",,"Debit",901.62
"Rosatis Pizza",2025-04-11,"SHIFT4           PYMT PROC ROSATIS PIZZA - PONTOO 068880021925288",,"Credit",3148.10
"Rosatis Pizza",2025-04-11,"PRAIRIESTATEGAMI VGTPAYMENT ROSATISPIZZA ROSATISPIZZA",,"Credit",1387.61
"Rosatis Pizza",2025-04-11,"TRANSFER FROM X4649 TO X1239",,"Debit",4500.00
"Rosatis Pizza",2025-04-11,"GRUBHUB INC      APR ACTVTY SRI PAGANO 25041109NF6FB3B",,"Credit",145.47
"Rosatis Pizza",2025-04-11,"DOORDASH, INC.   5257 IL-11 SRI GANESH FOODS INC ST-O8K3D8I2A4X9",,"Credit",1118.06
"Rosatis Pizza",2025-04-11,"YZBIZINC         ACHPAYMENT ROSATIS PIZZA 8546733 W008",,"Debit",600.00
"Rosatis Pizza",2025-04-10,"WIRE TRANSFER FEE",,"Debit",30.00
"Rosatis Pizza",2025-04-10,"WIRE TRANSFER DEBIT BELLISSIMO DISTRIBUTION LLC 124000054 984168054 1550 HECHT DR, BARTLETT, IL 60 ZIONS BANCORP SALT LAKE CITY            UT ROSATI'S PIZZA - PONTOON BEACH 20250410MMQFMPUN000207 20250410L4B74B3C001717 04101206FT01",,"Debit",10000.00
"Rosatis Pizza",2025-04-10,"EBF HOLDINGS LLC EBF DEBIT SRI GANESH FOODS INC. 000000011690639",,"Debit",901.62
"Rosatis Pizza",2025-04-10,"SHIFT4           PYMT PROC ROSATIS PIZZA - PONTOO 068880021925288",,"Credit",4318.23
"Rosatis Pizza",2025-04-10,"ROBERT CHICK FRI FINTECHEFT SRI GANESH FOODS INC R 92-3646577",,"Debit",143.80
"Rosatis Pizza",2025-04-10,"YZBIZINC         ACHPAYMENT ROSATIS PIZZA 8539149 W007",,"Debit",600.00
"Rosatis Pizza",2025-04-10,"CALL FORCE ONE   CALL FORCE ROSATIS PONTOON 30",,"Debit",199.65
"Rosatis Pizza",2025-04-10,"TRANSFER FROM X1239 TO X4649",,"Credit",8000.00
"Rosatis Pizza",2025-04-09,"EBF HOLDINGS LLC EBF DEBIT SRI GANESH FOODS INC. 000000011684610",,"Debit",901.62
"Rosatis Pizza",2025-04-09,"INTEGRA GRAPHICS ACH ROSATIS PONTOON BEACH ACH",,"Debit",398.05
"Rosatis Pizza",2025-04-09,"LIBERTY          MUTUAL SRI GANESH REALTY 2 *L 1754261",,"Debit",424.75
"Rosatis Pizza",2025-04-09,"CLEAN AR         CLEAN ACH ROSATI'S PIZZA 6218764",,"Debit",622.88
"Rosatis Pizza",2025-04-09,"YZBIZINC         ACHPAYMENT ROSATIS PIZZA 8533887 W006",,"Debit",600.00
"Rosatis Pizza",2025-04-09,"SHIFT4           PYMT PROC ROSATIS PIZZA - PONTOO 068880021925288",,"Credit",2900.33
"Rosatis Pizza",2025-04-09,"DBT CRD CARD# 1567 04/08/25 1912 THE WEBSTAURANT STORE LANCASTER     PADBO066F1",,"Debit",1009.51
"Rosatis Pizza",2025-04-09,"TRANSFER FROM X1239 TO X4649",,"Credit",3100.00
"Rosatis Pizza",2025-04-09,"REWARDS NETWORK  SETTLEMENT ROSATI'S PIZZA 38162-029698903",,"Debit",3018.05
"Rosatis Pizza",2025-04-08,"ROSATI'S PIZZA E ACH DEBIT JAYESH PATEL 9025670328",,"Debit",1770.91
"Rosatis Pizza",2025-04-08,"YZBIZINC         ACHPAYMENT ROSATIS PIZZA 8528756 W005",,"Debit",600.00
"Rosatis Pizza",2025-04-08,"SHIFT4           PYMT PROC ROSATIS PIZZA - PONTOO 068880021925288",,"Credit",3747.55
"Rosatis Pizza",2025-04-08,"EBF HOLDINGS LLC EBF DEBIT SRI GANESH FOODS INC. 000000011678656",,"Debit",901.62
"Rosatis Pizza",2025-04-08,"CHECK 89",89,"Debit",60.61
"Rosatis Pizza",2025-04-08,"UBER USA 6787    EDI PAYMNT SRI GANESH FOODS INC XXY1SLC5AKQU78L REF*TN*XXY1SLC5AK\",,"Credit",458.47
"Rosatis Pizza",2025-04-08,"TRANSFER FROM X1239 TO X4649",,"Credit",800.00
"Rosatis Pizza",2025-04-08,"NUCO2 LLC        WEB PAY SKI GANESH FOODS INC NUCO2",,"Debit",541.18
"Rosatis Pizza",2025-04-08,"DBT CRD CARD# 1567 04/07/25 1612 AUTO CHLOR SYSTEM MOUNTAIN VIEW CADBLNEZD7",,"Debit",884.13
"Rosatis Pizza",2025-04-07,"SPEEDPAY         WESTUNAMCP 0891016219 0891016219",,"Debit",2500.00
"Rosatis Pizza",2025-04-07,"STOKES DISTRIBUT FINTECHEFT SRI GANESH FOODS INC R 92-3646577",,"Debit",423.50
"Rosatis Pizza",2025-04-07,"TRANSFER FROM X4649 TO X4228",,"Debit",1900.00
"Rosatis Pizza",2025-04-07,"PBG - G&A OU     CORP PMT 2004156387 ROSATIS PIZ 040520252155326",,"Debit",1070.72
"Rosatis Pizza",2025-04-07,"YZBIZINC         ACHPAYMENT ROSATIS PIZZA 8523657 W004",,"Debit",600.00
"Rosatis Pizza",2025-04-07,"SHIFT4           PYMT PROC ROSATIS PIZZA - PONTOO 068880021925288",,"Credit",7881.35
"Rosatis Pizza",2025-04-07,"SHIFT4           PYMT PROC ROSATIS PIZZA - PONTOO 068880021925288",,"Credit",3242.77
"Rosatis Pizza",2025-04-07,"ADT SECURITY SER ADTPAPACH ROSATI'S PIZZA 404873621",,"Debit",57.23
"Rosatis Pizza",2025-04-07,"CHECK 20408",20408,"Debit",630.00
"Rosatis Pizza",2025-04-07,"CHECK 20404",20404,"Debit",600.00
"Rosatis Pizza",2025-04-07,"BILL PAID-SPECTRUM CONF #234",,"Debit",775.00
"Rosatis Pizza",2025-04-07,"EBF HOLDINGS LLC EBF DEBIT SRI GANESH FOODS INC. 000000011672644",,"Debit",901.62
"Rosatis Pizza",2025-04-07,"BILL PAID-WASTE MANAGEMENT CON F #229",,"Debit",300.00
"Rosatis Pizza",2025-04-07,"SHIFT4           PYMT PROC ROSATIS PIZZA - PONTOO 068880021925288",,"Credit",5180.05
"Rosatis Pizza",2025-04-07,"GRECO_BELLISSIMO SINGLE SRI GANESH FOODS INC 630GRECOILLI",,"Debit",9498.24
"Rosatis Pizza",2025-04-04,"SHIFT4           PYMT PROC ROSATIS PIZZA - PONTOO 068880021925288",,"Credit",3489.68
"Rosatis Pizza",2025-04-04,"SWITCH COMMERCE  0331 FUND SRI GANESH FOODS INC 187094",,"Credit",135.00
"Rosatis Pizza",2025-04-04,"DOORDASH, INC.   5257 IL-11 SRI GANESH FOODS INC ST-B2F1C3U9L8W5",,"Credit",1317.25
"Rosatis Pizza",2025-04-04,"EBF HOLDINGS LLC EBF DEBIT SRI GANESH FOODS INC. 000000011666686",,"Debit",901.62
"Rosatis Pizza",2025-04-04,"GRUBHUB INC      MAR ACTVTY SRI PAGANO 25040401NF6FB3B",,"Credit",150.52
"Rosatis Pizza",2025-04-04,"YZBIZINC         ACHPAYMENT ROSATIS PIZZA 8518545 W003",,"Debit",600.00
"Rosatis Pizza",2025-04-04,"TRANSFER FROM X4649 TO X5247",,"Debit",745.00
"Rosatis Pizza",2025-04-03,"ROBERT CHICK FRI FINTECHEFT SRI GANESH FOODS INC R 92-3646577",,"Debit",102.00
"Rosatis Pizza",2025-04-03,"EBF HOLDINGS LLC EBF DEBIT SRI GANESH FOODS INC. 000000011660707",,"Debit",901.62
"Rosatis Pizza",2025-04-03,"YZBIZINC         ACHPAYMENT ROSATIS PIZZA 8512697 W002",,"Debit",600.00
"Rosatis Pizza",2025-04-03,"SHIFT4           PYMT PROC ROSATIS PIZZA - PONTOO 068880021925288",,"Credit",2385.39
"Rosatis Pizza",2025-04-03,"PLP COMMUNICATIO PAYMENT PATEL,JAY 202418526784 202418526784",,"Debit",195.43
"Rosatis Pizza",2025-04-03,"PAYTRONIXCASH CD CASH C&D 1946 - SRI GANESH FOOD 1946 - SRI GANE",,"Credit",61.36
"Rosatis Pizza",2025-04-02,"SOCIETY INSURANC 8885762438 JAY PATEL 420585006273",,"Debit",1224.24
"Rosatis Pizza",2025-04-02,"TRANSFER FROM X4649 TO X1239",,"Debit",69000.00
"Rosatis Pizza",2025-04-02,"POS DEB CARD# 1567 04/02/25 1245 ROAD RANGER #26 GRAYVILLE GRAYVILLE     IL58040523",,"Debit",71.92
"Rosatis Pizza",2025-04-02,"REWARDS NETWORK  SETTLEMENT ROSATI'S PIZZA 38139-029675978",,"Debit",2810.80
"Rosatis Pizza",2025-04-02,"WIRE TRANSFER FEE",,"Debit",15.00
"Rosatis Pizza",2025-04-02,"WIRE TRANSFER FEE",,"Debit",15.00
"Rosatis Pizza",2025-04-02,"SHIFT4           FEES ROSATIS PIZZA - PONTOO 068880021925288",,"Debit",4425.53
"Rosatis Pizza",2025-04-02,"SHIFT4           FEES ROSATIS PIZZA - PONTOO 068880021925296",,"Debit",30.00
"Rosatis Pizza",2025-04-02,"CALL FORCE ONE   CALL FORCE ROSATIS PONTOON 30",,"Debit",166.65
"Rosatis Pizza",2025-04-02,"ARROW POS, INC.  MTHLY SUPP ROSATIS PIZZA PONTOON 614-657-5060",,"Debit",129.00
"Rosatis Pizza",2025-04-02,"WIRE TRANSFER CREDIT YZ BIZ INC 4 FAWN LN SUFFERN,NY,10901,US REVENUE PURCHASE 20250402MMQFMPGH004283 20250402MMQFMPUN000277 04021550FT01",,"Credit",56400.00
"Rosatis Pizza",2025-04-02,"TRANSFER FROM X1239 TO X4649",,"Credit",7300.00
"Rosatis Pizza",2025-04-02,"INTEGRA GRAPHICS ACH ROSATIS PONTOON BEACH ACH",,"Debit",414.41
"Rosatis Pizza",2025-04-02,"EBF HOLDINGS     8006192943 SRI GANESH FOODS INC. 187797",,"Debit",608.13
"Rosatis Pizza",2025-04-02,"WIRE TRANSFER CREDIT EBF HOLDINGS, LLC DBA EVEREST BUSINESS FUNDING 2001 NW 107TH AVE FL 3 MIAMI FL                 33178 20250402I1B7031R011346 20250402MMQFMPUN000159 04021225FT01",,"Credit",69921.66
"Rosatis Pizza",2025-04-02,"TRANSFER FROM X4649 TO X1239",,"Debit",57000.00
"Rosatis Pizza",2025-04-02,"CHECK 20407",20407,"Debit",1942.50
"Rosatis Pizza",2025-04-02,"SHIFT4           PYMT PROC ROSATIS PIZZA - PONTOO 068880021925288",,"Credit",4423.61
"Rosatis Pizza",2025-04-01,"TRANSFER FROM X4649 TO X5247",,"Debit",100.00
"Rosatis Pizza",2025-04-01,"UBER USA 6787    EDI PAYMNT SRI GANESH FOODS INC YVCL8BICZDZO10W REF*TN*YVCL8BICZD\",,"Credit",638.90
"Rosatis Pizza",2025-04-01,"PAYONEER 7362    EDI PAYMNT SRI GANESH FOODS INC 366184938685741 REF*TN*3661849386*EZCATER PAYM ENT\",,"Credit",397.06
"Rosatis Pizza",2025-04-01,"EBF HOLDINGS     8006192943 SRI GANESH FOODS INC. 187797",,"Debit",608.13
"Rosatis Pizza",2025-04-01,"ROSATI'S PIZZA E ACH DEBIT JAYESH PATEL 9025547192",,"Debit",1634.83
"Rosatis Pizza",2025-04-01,"TRANSFER FROM X4649 TO X4665",,"Debit",2100.00
"Rosatis Pizza",2025-04-01,"SHIFT4           PYMT PROC ROSATIS PIZZA - PONTOO 068880021925288",,"Credit",3324.81
"Rosatis Pizza",2025-03-31,"STOKES DISTRIBUT FINTECHEFT SRI GANESH FOODS INC R 92-3646577",,"Credit",45.60
"Rosatis Pizza",2025-03-31,"ATM W/D CARD# 1567 03/30/25 1121 03 ROSATI S PIZZA 5147 PAGANO CT PONTOON BEACH IL00002547",,"Debit",503.00
"Rosatis Pizza",2025-03-31,"TRANSFER FROM X4649 TO X5669",,"Debit",2300.00
"Rosatis Pizza",2025-03-31,"TRANSFER FROM X4649 TO X4665",,"Debit",20400.00
"Rosatis Pizza",2025-03-31,"W/D SVC 1825 03/28/25 00002539 03 ROSATI S PIZZA 5147 PAGANO CT PONTOON BEACHIL C# 1567",,"Debit",3.00
"Rosatis Pizza",2025-03-31,"POINTE PEST CONT 4698096852 JAY PATEL",,"Debit",85.00
"Rosatis Pizza",2025-03-31,"ILLINOIS-AMERICA PAYMENT ROSATIS PIZZA 220040678311",,"Debit",33.01
"Rosatis Pizza",2025-03-31,"ATM W/D CARD# 1567 03/28/25 1825 03 ROSATI S PIZZA 5147 PAGANO CT PONTOON BEACH IL00002539",,"Debit",503.00
"Rosatis Pizza",2025-03-31,"SHIFT4           PYMT PROC ROSATIS PIZZA - PONTOO 068880021925288",,"Credit",7956.91
"Rosatis Pizza",2025-03-31,"EBF HOLDINGS     8006192943 SRI GANESH FOODS INC. 187797",,"Debit",608.13
"Rosatis Pizza",2025-03-31,"CHECK 20406",20406,"Debit",1000.00
"Rosatis Pizza",2025-03-31,"TRANSFER FROM X4649 TO X4228",,"Debit",900.00
"Rosatis Pizza",2025-03-31,"SHIFT4           PYMT PROC ROSATIS PIZZA - PONTOO 068880021925288",,"Credit",4358.79
"Rosatis Pizza",2025-03-31,"SHIFT4           PYMT PROC ROSATIS PIZZA - PONTOO 068880021925288",,"Credit",7594.66
"Rosatis Pizza",2025-03-31,"DBT CRD CARD# 1567 03/28/25 1014 PACE TRUE VALUE HARDWA GRANITE CITY  ILDBU78SPT",,"Debit",4.28
"Rosatis Pizza",2025-03-31,"W/D SVC 1121 03/30/25 00002547 03 ROSATI S PIZZA 5147 PAGANO CT PONTOON BEACHIL C# 1567",,"Debit",3.00
"Rosatis Pizza",2025-03-28,"EBF HOLDINGS     8006192943 SRI GANESH FOODS INC. 187797",,"Debit",608.13
"Rosatis Pizza",2025-03-28,"DOORDASH, INC.   5257 IL-11 SRI GANESH FOODS INC ST-D6H1I1Y0B9R0",,"Credit",1212.60
"Rosatis Pizza",2025-03-28,"GRUBHUB INC      MAR ACTVTY SRI PAGANO 25032826NF6FB3B",,"Credit",433.77
"Rosatis Pizza",2025-03-28,"SOUTHERN GLAZER' FINTECHEFT SRI GANESH FOODS INC R 92-3646577",,"Debit",446.76
"Rosatis Pizza",2025-03-28,"TRANSFER FROM X4649 TO X5669",,"Debit",1800.00
"Rosatis Pizza",2025-03-28,"SHIFT4           PYMT PROC ROSATIS PIZZA - PONTOO 068880021925288",,"Credit",3399.61
"Rosatis Pizza",2025-03-28,"SHIFT4           PYMT PROC ROSATIS PIZZA - PONTOO 068880021925288",,"Credit",4561.27
"Rosatis Pizza",2025-03-28,"SOCIAL PAGE SOLU SALE PONTOON BEACH ROSATI S",,"Debit",200.00
"Rosatis Pizza",2025-03-27,"EBF HOLDINGS     8006192943 SRI GANESH FOODS INC. 187797",,"Debit",608.13
"Rosatis Pizza",2025-03-27,"KOERNER DISTRIBU FINTECHEFT SRI GANESH FOODS INC R 92-3646577",,"Debit",113.00
"Rosatis Pizza",2025-03-27,"ACCURATE ACCOUNT ACH SRI GANESH FOODS INC SRI GANESH FOOD",,"Debit",325.00
"Rosatis Pizza",2025-03-27,"TRANSFER FROM X5669 TO X4649",,"Credit",1040.00
"Rosatis Pizza",2025-03-26,"INTEGRA GRAPHICS ACH ROSATIS PONTOON BEACH ACH",,"Debit",426.35
"Rosatis Pizza",2025-03-26,"REWARDS NETWORK  SETTLEMENT ROSATI'S PIZZA 38117-029652686",,"Debit",2472.84
"Rosatis Pizza",2025-03-26,"CALL FORCE ONE   CALL FORCE ROSATIS PONTOON 30",,"Debit",174.90
"Rosatis Pizza",2025-03-26,"TRANSFER FROM X4665 TO X4649",,"Credit",60.00
"Rosatis Pizza",2025-03-26,"SHIFT4           PYMT PROC ROSATIS PIZZA - PONTOO 068880021925288",,"Credit",3778.78
"Rosatis Pizza",2025-03-26,"EBF HOLDINGS     8006192943 SRI GANESH FOODS INC. 187797",,"Debit",608.13
"Rosatis Pizza",2025-03-26,"PRAIRIESTATEGAMI VGTPAYMENT ROSATISPIZZA ROSATISPIZZA",,"Credit",158.96
"Rosatis Pizza",2025-03-26,"CALL FORCE ONE   CALL FORCE ROSATIS PONTOON 30",,"Debit",160.05
"Rosatis Pizza",2025-03-26,"CHECK 20405",20405,"Debit",950.00
"Rosatis Pizza",2025-03-25,"TRANSFER FROM X4649 TO X4665",,"Debit",8600.00
"Rosatis Pizza",2025-03-25,"RETURN ITEM FEE 20404",20404,"Debit",35.00
"Rosatis Pizza",2025-03-25,"ROSATI'S PIZZA E ACH DEBIT JAYESH PATEL 9025478103",,"Debit",1610.26
"Rosatis Pizza",2025-03-25,"SHIFT4           PYMT PROC ROSATIS PIZZA - PONTOO 068880021925288",,"Credit",2507.21
"Rosatis Pizza",2025-03-25,"EBF HOLDINGS     8006192943 SRI GANESH FOODS INC. 187797",,"Debit",608.13
"Rosatis Pizza",2025-03-25,"PAYONEER 7362    EDI PAYMNT SRI GANESH FOODS INC 366184929054381 REF*TN*3661849290*EZCATER PAYM ENT\",,"Credit",775.66
"Rosatis Pizza",2025-03-25,"UBER USA 6787    EDI PAYMNT SRI GANESH FOODS INC 1DN99GHV4RR6LLI REF*TN*1DN99GHV4R\",,"Credit",474.28
"Rosatis Pizza",2025-03-25,"RETURN ITEM FEE",,"Debit",35.00
"Rosatis Pizza",2025-03-25,"OD RETURN ITEM CREDIT",,"Credit",19450.78
"Rosatis Pizza",2025-03-25,"OD RETURN ITEM CREDIT 20404",20404,"Credit",600.00
"Rosatis Pizza",2025-03-24,"GRECO_BELLISSIMO SINGLE SRI GANESH FOODS INC 630GRECOILLI",,"Debit",19450.78
"Rosatis Pizza",2025-03-24,"IL DEPT OF REVEN EDI PYMNTS ROSATIS PIZZA OF PONTO 00001773215152 TXP*45038041*0411*20250228*T*7 64900\",,"Debit",7649.00
"Rosatis Pizza",2025-03-24,"SHIFT4           PYMT PROC ROSATIS PIZZA - PONTOO 068880021925288",,"Credit",6802.76
"Rosatis Pizza",2025-03-24,"SHIFT4           PYMT PROC ROSATIS PIZZA - PONTOO 068880021925288",,"Credit",3605.67
"Rosatis Pizza",2025-03-24,"SHIFT4           PYMT PROC ROSATIS PIZZA - PONTOO 068880021925288",,"Credit",6286.21
"Rosatis Pizza",2025-03-24,"PBG - G&A OU     CORP PMT 2004156387 ROSATIS PIZ 032320252158605",,"Debit",651.38
"Rosatis Pizza",2025-03-24,"CHECK 20404",20404,"Debit",600.00
"Rosatis Pizza",2025-03-24,"EBF HOLDINGS     8006192943 SRI GANESH FOODS INC. 187797",,"Debit",608.13
"Rosatis Pizza",2025-03-21,"ZEL* TEJAS PATEL J5405PE28B9T",,"Debit",120.00
"Rosatis Pizza",2025-03-21,"DOORDASH, INC.   5257 IL-11 SRI GANESH FOODS INC ST-B3T3L4H4S0W5",,"Credit",936.09
"Rosatis Pizza",2025-03-21,"DBT CRD CARD# 1567 03/20/25 1611 ROSATIS PIZZA - PONTOO GRANITE CITY  ILDBNI9OSG",,"Debit",84.22
"Rosatis Pizza",2025-03-21,"GRUBHUB INC      MAR ACTVTY SRI PAGANO 25032119NF6FB3B",,"Credit",141.26
"Rosatis Pizza",2025-03-21,"TRANSFER FROM X4649 TO X5669",,"Debit",1100.00
"Rosatis Pizza",2025-03-21,"SHIFT4           PYMT PROC ROSATIS PIZZA - PONTOO 068880021925288",,"Credit",4692.48
"Rosatis Pizza",2025-03-21,"EBF HOLDINGS     8006192943 SRI GANESH FOODS INC. 187797",,"Debit",608.13
"Rosatis Pizza",2025-03-21,"TRANSFER FROM X4649 TO X1239",,"Debit",11000.00
"Rosatis Pizza",2025-03-21,"DBT CRD CARD# 1567 03/19/25 1702 THE WEBSTAURANT STORE LANCASTER     PADBQTXF87",,"Debit",302.23
"Rosatis Pizza",2025-03-20,"EBF HOLDINGS     8006192943 SRI GANESH FOODS INC. 187797",,"Debit",608.13
"Rosatis Pizza",2025-03-20,"LAMAR            J2467 RCUR ROSATIS PIZZA CZ10000DAH4SC TRN*1*CZ10000DAH4SC\ RMR*IK*20250319 115023 328007 1 W43VT\",,"Debit",3000.00
"Rosatis Pizza",2025-03-20,"ROBERT CHICK FRI FINTECHEFT SRI GANESH FOODS INC R 92-3646577",,"Debit",202.95
"Rosatis Pizza",2025-03-20,"SHIFT4           PYMT PROC ROSATIS PIZZA - PONTOO 068880021925288",,"Credit",2758.76
"Rosatis Pizza",2025-03-19,"EBF HOLDINGS     8006192943 SRI GANESH FOODS INC. 187797",,"Debit",608.13
"Rosatis Pizza",2025-03-19,"TRANSFER FROM X4649 TO X4665",,"Debit",1500.00
"Rosatis Pizza",2025-03-19,"INTEGRA GRAPHICS ACH ROSATIS PONTOON BEACH ACH",,"Debit",286.95
"Rosatis Pizza",2025-03-19,"SHIFT4           PYMT PROC ROSATIS PIZZA - PONTOO 068880021925288",,"Credit",2419.78
"Rosatis Pizza",2025-03-19,"REWARDS NETWORK  SETTLEMENT ROSATI'S PIZZA 38095-029629625",,"Debit",2486.77
"Rosatis Pizza",2025-03-19,"SHIFT4           PYMT PROC ROSATIS PIZZA - PONTOO 068880021925288",,"Credit",2412.41
"Rosatis Pizza",2025-03-18,"ROSATI'S PIZZA E ACH DEBIT JAYESH PATEL 9025372996",,"Debit",1614.47
"Rosatis Pizza",2025-03-18,"EBF HOLDINGS     8006192943 SRI GANESH FOODS INC. 187797",,"Debit",608.13
"Rosatis Pizza",2025-03-18,"PAYONEER 7362    EDI PAYMNT SRI GANESH FOODS INC 366184920371262 REF*TN*3661849203*EZCATER PAYM ENT\",,"Credit",361.73
"Rosatis Pizza",2025-03-18,"DBT CRD CARD# 1567 03/16/25 1845 THE WEBSTAURANT STORE LANCASTER     PADBBO1A3W",,"Debit",178.72
"Rosatis Pizza",2025-03-18,"UBER USA 6787    EDI PAYMNT SRI GANESH FOODS INC B2RO3R9V4UESMXJ REF*TN*B2RO3R9V4U\",,"Credit",411.66
"Rosatis Pizza",2025-03-18,"DBT CRD CARD# 1567 03/17/25 2332 THE WEBSTAURANT STORE LANCASTER     PADBV9RQ4G",,"Debit",99.00
"Rosatis Pizza",2025-03-17,"SHIFT4           PYMT PROC ROSATIS PIZZA - PONTOO 068880021925288",,"Credit",6216.20
"Rosatis Pizza",2025-03-17,"SHIFT4           PYMT PROC ROSATIS PIZZA - PONTOO 068880021925288",,"Credit",4113.37
"Rosatis Pizza",2025-03-17,"UBER USA 6787    EDI PAYMNT SRI GANESH FOODS INC YOIDSJ7MW5FK96S REF*TN*YOIDSJ7MW5\",,"Credit",130.57
"Rosatis Pizza",2025-03-17,"EFT ACH ACCOUNT  ACH COLLEC SRI GANESH FOODS INC ROSATI'S PIZZA",,"Debit",1521.75
"Rosatis Pizza",2025-03-17,"ATM W/D CARD# 1567 03/16/25 1235 03 ROSATI S PIZZA 5147 PAGANO CT PONTOON BEACH IL00002498",,"Debit",503.00
"Rosatis Pizza",2025-03-17,"SHIFT4           PYMT PROC ROSATIS PIZZA - PONTOO 068880021925288",,"Credit",5178.23
"Rosatis Pizza",2025-03-17,"EBF HOLDINGS     8006192943 SRI GANESH FOODS INC. 187797",,"Debit",608.13
"Rosatis Pizza",2025-03-17,"STOKES DISTRIBUT FINTECHEFT SRI GANESH FOODS INC R 92-3646577",,"Debit",594.75
"Rosatis Pizza",2025-03-17,"TRANSFER FROM X4649 TO X5669",,"Debit",8200.00
"Rosatis Pizza",2025-03-17,"TRANSFER FROM X4649 TO X4665",,"Debit",300.00
"Rosatis Pizza",2025-03-17,"CHECK 20403",20403,"Debit",750.00
"Rosatis Pizza",2025-03-17,"W/D SVC 1235 03/16/25 00002498 03 ROSATI S PIZZA 5147 PAGANO CT PONTOON BEACHIL C# 1567",,"Debit",3.00
"Rosatis Pizza",2025-03-14,"TRANSFER FROM X4649 TO X5669",,"Debit",2800.00
"Rosatis Pizza",2025-03-14,"SHIFT4           PYMT PROC ROSATIS PIZZA - PONTOO 068880021925288",,"Credit",4134.08
"Rosatis Pizza",2025-03-14,"CALL FORCE ONE   CALL FORCE ROSATIS PONTOON 30",,"Debit",173.25
"Rosatis Pizza",2025-03-14,"SHIFT4           PYMT PROC ROSATIS PIZZA - PONTOO 068880021925288",,"Credit",4509.68
"Rosatis Pizza",2025-03-14,"DOORDASH, INC.   5257 IL-11 SRI GANESH FOODS INC ST-E0U2P4O4P8I1",,"Credit",1116.08
"Rosatis Pizza",2025-03-14,"EBF HOLDINGS     8006192943 SRI GANESH FOODS INC. 187797",,"Debit",608.13
"Rosatis Pizza",2025-03-14,"UBER USA 6787    EDI PAYMNT SRI GANESH FOODS INC F57N5VD8GC48YK6 REF*TN*F57N5VD8GC\",,"Credit",38.69
"Rosatis Pizza",2025-03-14,"GRUBHUB INC      MAR ACTVTY SRI PAGANO 25031412NF6FB3B",,"Credit",207.61
"Rosatis Pizza",2025-03-13,"EBF HOLDINGS     8006192943 SRI GANESH FOODS INC. 187797",,"Debit",608.13
"Rosatis Pizza",2025-03-13,"ROBERT CHICK FRI FINTECHEFT SRI GANESH FOODS INC R 92-3646577",,"Debit",159.90
"Rosatis Pizza",2025-03-13,"UBER USA 6787    EDI PAYMNT SRI GANESH FOODS INC R5JKVPTXZMJMI4B REF*TN*R5JKVPTXZM\",,"Credit",95.88
"Rosatis Pizza",2025-03-12,"TRANSFER FROM X4649 TO X5247",,"Debit",300.00
"Rosatis Pizza",2025-03-12,"DBT CRD CARD# 1567 03/11/25 0522 REPEAT RETURNS FLORENCE      KYDBEVU7NO",,"Debit",60.00
"Rosatis Pizza",2025-03-12,"SHIFT4           PYMT PROC ROSATIS PIZZA - PONTOO 068880021925288",,"Credit",2852.79
"Rosatis Pizza",2025-03-12,"EBF HOLDINGS     8006192943 SRI GANESH FOODS INC. 187797",,"Debit",608.13
"Rosatis Pizza",2025-03-12,"INTEGRA GRAPHICS ACH ROSATIS PONTOON BEACH ACH",,"Debit",224.25
"Rosatis Pizza",2025-03-12,"UBER USA 6787    EDI PAYMNT SRI GANESH FOODS INC 3VXBRHOIP4D5DSD REF*TN*3VXBRHOIP4\",,"Credit",80.68
"Rosatis Pizza",2025-03-12,"REWARDS NETWORK  SETTLEMENT ROSATI'S PIZZA 38073-029606773",,"Debit",2705.47
"Rosatis Pizza",2025-03-11,"PAYONEER 7362    EDI PAYMNT SRI GANESH FOODS INC 366184911199620 REF*TN*3661849111*EZCATER PAYM ENT\",,"Credit",248.52
"Rosatis Pizza",2025-03-11,"ROSATI'S PIZZA E ACH DEBIT JAYESH PATEL 9025268272",,"Debit",1702.32
"Rosatis Pizza",2025-03-11,"UBER USA 6787    EDI PAYMNT SRI GANESH FOODS INC 0MTDQLMH7CCYZ7F REF*TN*0MTDQLMH7C\",,"Credit",494.02
"Rosatis Pizza",2025-03-11,"EBF HOLDINGS     8006192943 SRI GANESH FOODS INC. 187797",,"Debit",608.13
"Rosatis Pizza",2025-03-11,"SHIFT4           PYMT PROC ROSATIS PIZZA - PONTOO 068880021925288",,"Credit",3032.18
"Rosatis Pizza",2025-03-11,"DBT CRD CARD# 1567 03/10/25 1305 AUTO CHLOR SYSTEM MOUNTAIN VIEW CADBYE3AMJ",,"Debit",885.39
"Rosatis Pizza",2025-03-11,"LIBERTY          MUTUAL SRI GANESH REALTY 2 *L 1378067",,"Debit",424.75
"Rosatis Pizza",2025-03-10,"PBG - G&A OU     CORP PMT 2004156387 ROSATIS PIZ 030920252054619",,"Debit",1885.18
"Rosatis Pizza",2025-03-10,"TRANSFER FROM X4649 TO X5247",,"Debit",3850.00
"Rosatis Pizza",2025-03-10,"SHIFT4           PYMT PROC ROSATIS PIZZA - PONTOO 068880021925288",,"Credit",6940.51
"Rosatis Pizza",2025-03-10,"SHIFT4           PYMT PROC ROSATIS PIZZA - PONTOO 068880021925288",,"Credit",4102.19
"Rosatis Pizza",2025-03-10,"TRANSFER FROM X4649 TO X5669",,"Debit",1200.00
"Rosatis Pizza",2025-03-10,"GRECO_BELLISSIMO SINGLE SRI GANESH FOODS INC 630GRECOILLI",,"Debit",11213.86
"Rosatis Pizza",2025-03-10,"CHECK 20402",20402,"Debit",600.00
"Rosatis Pizza",2025-03-10,"EBF HOLDINGS     8006192943 SRI GANESH FOODS INC. 187797",,"Debit",608.13
"Rosatis Pizza",2025-03-10,"SHIFT4           PYMT PROC ROSATIS PIZZA - PONTOO 068880021925288",,"Credit",6135.77
"Rosatis Pizza",2025-03-07,"BILL PAID-SPECTRUM CONF #223",,"Debit",775.00
"Rosatis Pizza",2025-03-07,"GRUBHUB INC      FEB ACTVTY SRI PAGANO 25030701NF6FB3B",,"Credit",18.92
"Rosatis Pizza",2025-03-07,"TRANSFER FROM X4649 TO X5247",,"Debit",700.00
"Rosatis Pizza",2025-03-07,"SHIFT4           PYMT PROC ROSATIS PIZZA - PONTOO 068880021925288",,"Credit",2817.04
"Rosatis Pizza",2025-03-07,"EBF HOLDINGS     8006192943 SRI GANESH FOODS INC. 187797",,"Debit",608.13
"Rosatis Pizza",2025-03-07,"ADT SECURITY SER ADTPAPACH ROSATI'S PIZZA 404873621",,"Debit",57.23
"Rosatis Pizza",2025-03-07,"CALL FORCE ONE   CALL FORCE ROSATIS PONTOON 30",,"Debit",174.90
"Rosatis Pizza",2025-03-07,"DOORDASH, INC.   5257 IL-11 SRI GANESH FOODS INC ST-T2Z4Q0K3Q8C0",,"Credit",1394.31
"Rosatis Pizza",2025-03-06,"ROBERT CHICK FRI FINTECHEFT SRI GANESH FOODS INC R 92-3646577",,"Debit",174.05
"Rosatis Pizza",2025-03-06,"SWITCH COMMERCE  0228 FUND SRI GANESH FOODS INC 187094",,"Credit",121.50
"Rosatis Pizza",2025-03-06,"UBER USA 6787    EDI PAYMNT SRI GANESH FOODS INC II9CA4TYHTOKGPH REF*TN*II9CA4TYHT\",,"Credit",42.94
"Rosatis Pizza",2025-03-06,"SHIFT4           PYMT PROC ROSATIS PIZZA - PONTOO 068880021925288",,"Credit",2671.00
"Rosatis Pizza",2025-03-06,"NUCO2 LLC        WEB PAY SKI GANESH FOODS INC NUCO2",,"Debit",220.74
"Rosatis Pizza",2025-03-06,"INTEGRA GRAPHICS ACH ROSATIS PONTOON BEACH ACH",,"Debit",383.06
"Rosatis Pizza",2025-03-06,"EBF HOLDINGS     8006192943 SRI GANESH FOODS INC. 187797",,"Debit",608.13
"Rosatis Pizza",2025-03-05,"UBER USA 6787    EDI PAYMNT SRI GANESH FOODS INC HD07A19APCH75KC REF*TN*HD07A19APC\",,"Credit",143.21
"Rosatis Pizza",2025-03-05,"CALL FORCE ONE   CALL FORCE ROSATIS PONTOON 30",,"Debit",173.25
"Rosatis Pizza",2025-03-05,"REWARDS NETWORK  SETTLEMENT ROSATI'S PIZZA 38051-029584121",,"Debit",2667.22
"Rosatis Pizza",2025-03-05,"TRANSFER FROM X4649 TO X5669",,"Debit",1600.00
"Rosatis Pizza",2025-03-05,"ROSATI'S PIZZA E ACH DEBIT JAYESH PATEL 9024802539",,"Debit",350.00
"Rosatis Pizza",2025-03-05,"EBF HOLDINGS     8006192943 SRI GANESH FOODS INC. 187797",,"Debit",608.13
"Rosatis Pizza",2025-03-05,"SHIFT4           PYMT PROC ROSATIS PIZZA - PONTOO 068880021925288",,"Credit",2921.02
"Rosatis Pizza",2025-03-04,"PAYTRONIXCASH CD CASH C&D 1946 - SRI GANESH FOOD 1946 - SRI GANE",,"Debit",125.51
"Rosatis Pizza",2025-03-04,"SHIFT4           PYMT PROC ROSATIS PIZZA - PONTOO 068880021925288",,"Credit",3682.19
"Rosatis Pizza",2025-03-04,"EBF HOLDINGS     8006192943 SRI GANESH FOODS INC. 187797",,"Debit",608.13
"Rosatis Pizza",2025-03-04,"ROSATI'S PIZZA E ACH DEBIT JAYESH PATEL 9025118537",,"Debit",1421.50
"Rosatis Pizza",2025-03-04,"SOCIETY INSURANC 8885762438 JAY PATEL 419949016875",,"Debit",4807.24
"Rosatis Pizza",2025-03-04,"TRANSFER FROM X4649 TO X5247",,"Debit",100.00
"Rosatis Pizza",2025-03-04,"TRANSFER FROM X4649 TO X5669",,"Debit",2225.00
"Rosatis Pizza",2025-03-04,"ARROW POS, INC.  MTHLY SUPP ROSATIS PIZZA PONTOON 614-657-5060",,"Debit",129.00
"Rosatis Pizza",2025-03-04,"PLP COMMUNICATIO PAYMENT PATEL,JAY 202350548824 202350548824",,"Debit",201.43
"Rosatis Pizza",2025-03-04,"CLEAN AR         CLEAN ACH ROSATI'S PIZZA 6218764",,"Debit",603.65
"Rosatis Pizza",2025-03-04,"UBER USA 6787    EDI PAYMNT SRI GANESH FOODS INC 1BYLOHOD3R8Q4YZ REF*TN*1BYLOHOD3R\",,"Credit",312.06
"Rosatis Pizza",2025-03-03,"SHIFT4           PYMT PROC ROSATIS PIZZA - PONTOO 068880021925288",,"Credit",7259.99
"Rosatis Pizza",2025-03-03,"SHIFT4           FEES ROSATIS PIZZA - PONTOO 068880021925288",,"Debit",2563.30
"Rosatis Pizza",2025-03-03,"SHIFT4           FEES ROSATIS PIZZA - PONTOO 068880021925296",,"Debit",30.00
"Rosatis Pizza",2025-03-03,"EBF HOLDINGS     8006192943 SRI GANESH FOODS INC. 187797",,"Debit",608.13
"Rosatis Pizza",2025-03-03,"SHIFT4           PYMT PROC ROSATIS PIZZA - PONTOO 068880021925288",,"Credit",5309.40
"Rosatis Pizza",2025-03-03,"DBT CRD CARD# 1567 02/28/25 1333 AUTO CHLOR SYSTEM MOUNTAIN VIEW CADBHT6L05",,"Debit",835.57
"Rosatis Pizza",2025-03-03,"TRANSFER FROM X4649 TO X5247",,"Debit",100.00
"Rosatis Pizza",2025-03-03,"STOKES DISTRIBUT FINTECHEFT SRI GANESH FOODS INC R 92-3646577",,"Debit",183.65
"Rosatis Pizza",2025-03-03,"SHIFT4           PYMT PROC ROSATIS PIZZA - PONTOO 068880021925288",,"Credit",5399.95
"Rosatis Pizza",2025-03-03,"INTEGRA GRAPHICS ACH ROSATIS PONTOON BEACH ACH",,"Debit",117.41
"Rosatis Pizza",2025-03-03,"GRECO_BELLISSIMO SINGLE SRI GANESH FOODS INC 630GRECOILLI",,"Debit",14000.00
"Rosatis Pizza",2025-03-03,"UBER USA 6787    EDI PAYMNT SRI GANESH FOODS INC AXGR506LOCKQHTY REF*TN*AXGR506LOC\",,"Credit",41.40
"Rosatis Pizza",2025-03-03,"CHECK 20400",20400,"Debit",800.00
"Rosatis Pizza",2025-02-28,"BILL PAID-WASTE MANAGEMENT CON F #217",,"Debit",300.00
"Rosatis Pizza",2025-02-28,"CHECK 20401",20401,"Debit",825.00
"Rosatis Pizza",2025-02-28,"GRUBHUB INC      FEB ACTVTY SRI PAGANO 25022826NF6FB3B",,"Credit",178.78
"Rosatis Pizza",2025-02-28,"BILL PAID-AMEREN ILLINOIS CONF  #218",,"Debit",2300.00
"Rosatis Pizza",2025-02-28,"SHIFT4           PYMT PROC ROSATIS PIZZA - PONTOO 068880021925288",,"Credit",4112.64
"Rosatis Pizza",2025-02-28,"ILLINOIS-AMERICA PAYMENT ROSATIS PIZZA 220040678311",,"Debit",32.96
"Rosatis Pizza",2025-02-28,"EBF HOLDINGS     8006192943 SRI GANESH FOODS INC. 187797",,"Debit",608.13
"Rosatis Pizza",2025-02-28,"DOORDASH, INC.   5257 IL-11 SRI GANESH FOODS INC ST-D1S8P3H1P3Z5",,"Credit",1323.25
"Rosatis Pizza",2025-02-28,"ACCURATE ACCOUNT ACH SRI GANESH FOODS INC SRI GANESH FOOD",,"Debit",325.00
"Rosatis Pizza",2025-02-28,"UBER USA 6787    EDI PAYMNT SRI GANESH FOODS INC CO01UDB4ITXJZS7 REF*TN*CO01UDB4IT\",,"Credit",169.37
"Rosatis Pizza",2025-02-28,"SOCIAL PAGE SOLU SALE PONTOON BEACH ROSATI S",,"Debit",200.00
"Rosatis Pizza",2025-02-27,"EBF HOLDINGS     8006192943 SRI GANESH FOODS INC. 187797",,"Debit",608.13
"Rosatis Pizza",2025-02-27,"SHIFT4           PYMT PROC ROSATIS PIZZA - PONTOO 068880021925288",,"Credit",4211.46
"Rosatis Pizza",2025-02-27,"UBER USA 6787    EDI PAYMNT SRI GANESH FOODS INC 8QWRIA94XHSL6O3 REF*TN*8QWRIA94XH\",,"Credit",23.43
"Rosatis Pizza",2025-02-27,"ROBERT CHICK FRI FINTECHEFT SRI GANESH FOODS INC R 92-3646577",,"Debit",91.80
"Rosatis Pizza",2025-02-26,"SHIFT4           PYMT PROC ROSATIS PIZZA - PONTOO 068880021925288",,"Credit",3451.04
"Rosatis Pizza",2025-02-26,"TRANSFER FROM X4649 TO X4665",,"Debit",150.00
"Rosatis Pizza",2025-02-26,"SANDBERG PHOENI  PURCHASE ROSATIS PIZZA 128599197",,"Debit",4000.00
"Rosatis Pizza",2025-02-26,"UBER USA 6787    EDI PAYMNT SRI GANESH FOODS INC X9DFFAW12YVX15J REF*TN*X9DFFAW12Y\",,"Credit",145.59
"Rosatis Pizza",2025-02-26,"TRANSFER FROM X4649 TO X9881",,"Debit",30.00
"Rosatis Pizza",2025-02-26,"REWARDS NETWORK  SETTLEMENT ROSATI'S PIZZA 38027-029561146",,"Debit",2588.10
"Rosatis Pizza",2025-02-26,"EBF HOLDINGS     8006192943 SRI GANESH FOODS INC. 187797",,"Debit",608.13
"Rosatis Pizza",2025-02-26,"INTEGRA GRAPHICS ACH ROSATIS PONTOON BEACH ACH",,"Debit",406.23
"Rosatis Pizza",2025-02-25,"UBER USA 6787    EDI PAYMNT SRI GANESH FOODS INC HOQ38I8PEKNFVGI REF*TN*HOQ38I8PEK\",,"Credit",403.02
"Rosatis Pizza",2025-02-25,"SHIFT4           PYMT PROC ROSATIS PIZZA - PONTOO 068880021925288",,"Credit",2836.83
"Rosatis Pizza",2025-02-25,"PRAIRIESTATEGAMI VGTPAYMENT ROSATISPIZZA ROSATISPIZZA",,"Credit",607.13
"Rosatis Pizza",2025-02-25,"EBF HOLDINGS     8006192943 SRI GANESH FOODS INC. 187797",,"Debit",608.13
"Rosatis Pizza",2025-02-25,"TRANSFER FROM X4649 TO X5247",,"Debit",4500.00
"Rosatis Pizza",2025-02-25,"ROSATI'S PIZZA E ACH DEBIT JAYESH PATEL 9025019021",,"Debit",1639.70
"Rosatis Pizza",2025-02-24,"TRANSFER FROM X4649 TO X5247",,"Debit",5500.00
"Rosatis Pizza",2025-02-24,"EBF HOLDINGS     8006192943 SRI GANESH FOODS INC. 187797",,"Debit",608.13
"Rosatis Pizza",2025-02-24,"SHIFT4           PYMT PROC ROSATIS PIZZA - PONTOO 068880021925288",,"Credit",3510.24
"Rosatis Pizza",2025-02-24,"GRECO_BELLISSIMO SINGLE SRI GANESH FOODS INC 630GRECOILLI",,"Debit",1705.24
"Rosatis Pizza",2025-02-24,"IL DEPT OF REVEN EDI PYMNTS ROSATIS PIZZA OF PONTO 00001539799472 TXP*45038041*0411*20250131*T*8 25800\",,"Debit",8258.00
"Rosatis Pizza",2025-02-24,"STOKES DISTRIBUT FINTECHEFT SRI GANESH FOODS INC R 92-3646577",,"Debit",502.30
"Rosatis Pizza",2025-02-24,"ATM W/D CARD# 1567 02/22/25 1636 BUSEY BANK 2142 S STATE RT 15 GLEN CARBON   IL00000715",,"Debit",500.00
"Rosatis Pizza",2025-02-24,"UBER USA 6787    EDI PAYMNT SRI GANESH FOODS INC FCPB5OXYO4RKR6X REF*TN*FCPB5OXYO4\",,"Credit",76.56
"Rosatis Pizza",2025-02-24,"SHIFT4           PYMT PROC ROSATIS PIZZA - PONTOO 068880021925288",,"Credit",5654.95
"Rosatis Pizza",2025-02-24,"PBG - G&A OU     CORP PMT 2004156387 ROSATIS PIZ 022320252049673",,"Debit",897.81
"Rosatis Pizza",2025-02-24,"SHIFT4           PYMT PROC ROSATIS PIZZA - PONTOO 068880021925288",,"Credit",5918.36
"Rosatis Pizza",2025-02-21,"TRANSFER FROM X4649 TO X5669",,"Debit",600.00
"Rosatis Pizza",2025-02-21,"TRANSFER FROM X4649 TO X5247",,"Debit",1500.00
"Rosatis Pizza",2025-02-21,"SHIFT4           PYMT PROC ROSATIS PIZZA - PONTOO 068880021925288",,"Credit",3661.15
"Rosatis Pizza",2025-02-21,"CHECK 80",80,"Debit",410.00
"Rosatis Pizza",2025-02-21,"CHECK 64",64,"Debit",410.00
"Rosatis Pizza",2025-02-21,"DEPOSIT/CREDIT RE:",,"Credit",1177.88
"Rosatis Pizza",2025-02-21,"GRUBHUB INC      FEB ACTVTY SRI PAGANO 25022119NF6FB3B",,"Credit",209.96
"Rosatis Pizza",2025-02-21,"BREAKTHRU BEVERA FINTECHEFT SRI GANESH FOODS INC R 92-3646577",,"Debit",344.59
"Rosatis Pizza",2025-02-21,"DBT CRD CARD# 1567 02/19/25 1505 TACOS EL MANNY GRANITE CITY  ILDBR6YS84",,"Debit",73.95
"Rosatis Pizza",2025-02-21,"DOORDASH, INC.   5257 IL-11 SRI GANESH FOODS INC ST-F3J3I3Q4A7S8",,"Credit",1384.01
"Rosatis Pizza",2025-02-21,"EBF HOLDINGS     8006192943 SRI GANESH FOODS INC. 187797",,"Debit",608.13
"Rosatis Pizza",2025-02-21,"UBER USA 6787    EDI PAYMNT SRI GANESH FOODS INC UORTA7PFRWDJIC9 REF*TN*UORTA7PFRW\",,"Credit",149.79
"Rosatis Pizza",2025-02-21,"CHECK 47",47,"Debit",410.00
"Rosatis Pizza",2025-02-20,"SHIFT4           PYMT PROC ROSATIS PIZZA - PONTOO 068880021925288",,"Credit",2708.25
"Rosatis Pizza",2025-02-20,"CALL FORCE ONE   CALL FORCE ROSATIS PONTOON 30",,"Debit",196.35
"Rosatis Pizza",2025-02-20,"KOERNER DISTRIBU FINTECHEFT SRI GANESH FOODS INC R 92-3646577",,"Debit",97.50
"Rosatis Pizza",2025-02-20,"DBT CRD CARD# 1567 02/19/25 1421 SQ *PONTOON BP PONTOON BEACH ILDBV6EN48",,"Debit",50.00
"Rosatis Pizza",2025-02-20,"POINTE PEST CONT 4698096852 JAY PATEL",,"Debit",85.00
"Rosatis Pizza",2025-02-20,"EBF HOLDINGS     8006192943 SRI GANESH FOODS INC. 187797",,"Debit",608.13
"Rosatis Pizza",2025-02-20,"UBER USA 6787    EDI PAYMNT SRI GANESH FOODS INC TR16PFVL8RBE62Q REF*TN*TR16PFVL8R\",,"Credit",36.21
"Rosatis Pizza",2025-02-20,"ROBERT CHICK FRI FINTECHEFT SRI GANESH FOODS INC R 92-3646577",,"Debit",90.55
"Rosatis Pizza",2025-02-19,"TRANSFER FROM X4649 TO X9881",,"Debit",12600.00
"Rosatis Pizza",2025-02-19,"UBER USA 6787    EDI PAYMNT SRI GANESH FOODS INC X3G6FN9762NE5SZ REF*TN*X3G6FN9762\",,"Credit",102.26
"Rosatis Pizza",2025-02-19,"EBF HOLDINGS     8006192943 SRI GANESH FOODS INC. 187797",,"Debit",608.13
"Rosatis Pizza",2025-02-19,"UBER USA 6787    EDI PAYMNT SRI GANESH FOODS INC MM38AUUJGCXDU4P REF*TN*MM38AUUJGC\",,"Credit",286.59
"Rosatis Pizza",2025-02-19,"SHIFT4           PYMT PROC ROSATIS PIZZA - PONTOO 068880021925288",,"Credit",1881.29
"Rosatis Pizza",2025-02-19,"INTEGRA GRAPHICS ACH ROSATIS PONTOON BEACH ACH",,"Debit",271.28
"Rosatis Pizza",2025-02-19,"ROSATI'S PIZZA E ACH DEBIT JAYESH PATEL 9024961694",,"Debit",1371.36
"Rosatis Pizza",2025-02-19,"CHECK 20399",20399,"Debit",770.00
"Rosatis Pizza",2025-02-19,"TRANSFER FROM X4649 TO X4665",,"Debit",1200.00
"Rosatis Pizza",2025-02-19,"POS DEB CARD# 1567 02/19/25 1224 WAL SAM S CLUB     002455 4878 WAL-SAMS GLEN CARBON   IL85139466",,"Debit",62.31
"Rosatis Pizza",2025-02-19,"CHECK 20398",20398,"Debit",770.00
"Rosatis Pizza",2025-02-19,"REWARDS NETWORK  SETTLEMENT ROSATI'S PIZZA 38006-029538775",,"Debit",2371.42
"Rosatis Pizza",2025-02-18,"STOP PAYMENT FEE",,"Debit",35.00
"Rosatis Pizza",2025-02-18,"CHECK 20397",20397,"Debit",800.00
"Rosatis Pizza",2025-02-18,"EBF HOLDINGS     8006192943 SRI GANESH FOODS INC. 187797",,"Debit",608.13
"Rosatis Pizza",2025-02-18,"SHIFT4           PYMT PROC ROSATIS PIZZA - PONTOO 068880021925288",,"Credit",6568.85
"Rosatis Pizza",2025-02-18,"W/D SVC 2040 02/17/25 00002405 03 ROSATI S PIZZA 5147 PAGANO CT PONTOON BEACHIL C# 1567",,"Debit",3.00
"Rosatis Pizza",2025-02-18,"TRANSFER FROM X4649 TO X5247",,"Debit",225.00
"Rosatis Pizza",2025-02-18,"CALL FORCE ONE   CALL FORCE ROSATIS PONTOON 30",,"Debit",174.90
"Rosatis Pizza",2025-02-18,"W/D SVC 1824 02/14/25 00001549 WELLS FARGO BANK 3608 W GATE CITY BLVD GREENSBORO   NC C# 1567",,"Debit",3.00
"Rosatis Pizza",2025-02-18,"ATM W/D CARD# 1567 02/17/25 2040 03 ROSATI S PIZZA 5147 PAGANO CT PONTOON BEACH IL00002405",,"Debit",503.00
"Rosatis Pizza",2025-02-18,"ILLINOIS GAMING  EDI PYMNTS SRI GANESH FOODS INC 699764",,"Credit",3750.00
"Rosatis Pizza",2025-02-18,"UBER USA 6787    EDI PAYMNT SRI GANESH FOODS INC UK0TS4N65WOYE4N REF*TN*UK0TS4N65W\",,"Credit",60.45
"Rosatis Pizza",2025-02-18,"ATM W/D CARD# 1567 02/14/25 1924 WELLS FARGO BANK 3608 W GATE CITY B GREENSBORO    NC00001549",,"Debit",403.00
"Rosatis Pizza",2025-02-18,"EFT ACH ACCOUNT  ACH COLLEC SRI GANESH FOODS INC ROSATI'S PIZZA",,"Debit",1575.00
"Rosatis Pizza",2025-02-18,"TRANSFER FROM X4649 TO X5247",,"Debit",200.00
"Rosatis Pizza",2025-02-18,"SHIFT4           PYMT PROC ROSATIS PIZZA - PONTOO 068880021925288",,"Credit",2951.04
"Rosatis Pizza",2025-02-18,"PAYONEER 7362    EDI PAYMNT SRI GANESH FOODS INC 366184874311777 REF*TN*3661848743*EZCATER PAYM ENT\",,"Credit",465.53
"Rosatis Pizza",2025-02-18,"SHIFT4           PYMT PROC ROSATIS PIZZA - PONTOO 068880021925288",,"Credit",8101.61
"Rosatis Pizza",2025-02-18,"DBT CRD CARD# 1567 02/17/25 2332 THE WEBSTAURANT STORE LANCASTER     PADBXGRISG",,"Debit",99.00
"Rosatis Pizza",2025-02-18,"SHIFT4           PYMT PROC ROSATIS PIZZA - PONTOO 068880021925288",,"Credit",3307.31
"Rosatis Pizza",2025-02-18,"EBF HOLDINGS     8006192943 SRI GANESH FOODS INC. 187797",,"Debit",608.13
"Rosatis Pizza",2025-02-14,"SOUTHERN GLAZER' FINTECHEFT SRI GANESH FOODS INC R 92-3646577",,"Debit",471.49
"Rosatis Pizza",2025-02-14,"SHIFT4           PYMT PROC ROSATIS PIZZA - PONTOO 068880021925288",,"Credit",2673.73
"Rosatis Pizza",2025-02-14,"UBER USA 6787    EDI PAYMNT SRI GANESH FOODS INC CF547FVRPAM0ED7 REF*TN*CF547FVRPA\",,"Credit",154.25
"Rosatis Pizza",2025-02-14,"EBF HOLDINGS     8006192943 SRI GANESH FOODS INC. 187797",,"Debit",608.13
"Rosatis Pizza",2025-02-14,"SHIFT4           PYMT PROC ROSATIS PIZZA - PONTOO 068880021925288",,"Credit",2147.15
"Rosatis Pizza",2025-02-14,"GRUBHUB INC      FEB ACTVTY SRI PAGANO 25021412NF6FB3B",,"Credit",330.41
"Rosatis Pizza",2025-02-14,"DOORDASH, INC.   5257 IL-11 SRI GANESH FOODS INC ST-K9Z4O8M0Z9W0",,"Credit",1110.96
"Rosatis Pizza",2025-02-13,"UBER USA 6787    EDI PAYMNT SRI GANESH FOODS INC HVTPCZB3RU8SX9R REF*TN*HVTPCZB3RU\",,"Credit",71.38
"Rosatis Pizza",2025-02-13,"TRANSFER FROM X4649 TO X4665",,"Debit",200.00
"Rosatis Pizza",2025-02-13,"TRANSFER FROM X4649 TO X5247",,"Debit",500.00
"Rosatis Pizza",2025-02-13,"EBF HOLDINGS     8006192943 SRI GANESH FOODS INC. 187797",,"Debit",608.13
"Rosatis Pizza",2025-02-13,"ROBERT CHICK FRI FINTECHEFT SRI GANESH FOODS INC R 92-3646577",,"Debit",279.00
"Rosatis Pizza",2025-02-12,"EBF HOLDINGS     8006192943 SRI GANESH FOODS INC. 187797",,"Debit",608.13
"Rosatis Pizza",2025-02-12,"DBT CRD CARD# 1567 02/11/25 0406 REPEAT RETURNS 859-7609118   KYDBWG0HZY",,"Debit",60.00
"Rosatis Pizza",2025-02-12,"BUSEY BANK       BILL PMT PATEL,JAYESH PEXC#8735266",,"Credit",3600.00
"Rosatis Pizza",2025-02-12,"REWARDS NETWORK  SETTLEMENT ROSATI'S PIZZA 37984-029516461",,"Debit",2266.80
"Rosatis Pizza",2025-02-12,"INTEGRA GRAPHICS ACH ROSATIS PONTOON BEACH ACH",,"Debit",367.72
"Rosatis Pizza",2025-02-12,"SHIFT4           PYMT PROC ROSATIS PIZZA - PONTOO 068880021925288",,"Credit",3289.85
"Rosatis Pizza",2025-02-12,"UBER USA 6787    EDI PAYMNT SRI GANESH FOODS INC PVQY0G2GD6749TM REF*TN*PVQY0G2GD6\",,"Credit",79.74
"Rosatis Pizza",2025-02-11,"LIBERTY          MUTUAL SRI GANESH REALTY 2 *L 0086745",,"Debit",424.75
"Rosatis Pizza",2025-02-11,"ROSATI'S PIZZA E ACH DEBIT JAYESH PATEL 9024842246",,"Debit",1516.89
"Rosatis Pizza",2025-02-11,"SHIFT4           PYMT PROC ROSATIS PIZZA - PONTOO 068880021925288",,"Credit",2068.88
"Rosatis Pizza",2025-02-11,"UBER USA 6787    EDI PAYMNT SRI GANESH FOODS INC 0HUKMKOWSIPBQ3J REF*TN*0HUKMKOWSI\",,"Credit",462.87
"Rosatis Pizza",2025-02-11,"DBT CRD CARD# 1567 02/10/25 1742 THE WEBSTAURANT STORE LANCASTER     PADBFTWFXC",,"Debit",578.42
"Rosatis Pizza",2025-02-11,"EBF HOLDINGS     8006192943 SRI GANESH FOODS INC. 187797",,"Debit",608.13
"Rosatis Pizza",2025-02-11,"DBT CRD CARD# 1567 02/10/25 1627 THE WEBSTAURANT STORE LANCASTER     PADBK80YP4",,"Debit",130.83
"Rosatis Pizza",2025-02-10,"SHIFT4           PYMT PROC ROSATIS PIZZA - PONTOO 068880021925288",,"Credit",5724.17
"Rosatis Pizza",2025-02-10,"SHIFT4           PYMT PROC ROSATIS PIZZA - PONTOO 068880021925288",,"Credit",5164.65
"Rosatis Pizza",2025-02-10,"PRAIRIESTATEGAMI VGTPAYMENT ROSATISPIZZA ROSATISPIZZA",,"Credit",1314.58
"Rosatis Pizza",2025-02-10,"UBER USA 6787    EDI PAYMNT SRI GANESH FOODS INC QCFTFG09L5CU2EF REF*TN*QCFTFG09L5\",,"Credit",61.46
"Rosatis Pizza",2025-02-10,"SHIFT4           PYMT PROC ROSATIS PIZZA - PONTOO 068880021925288",,"Credit",5237.62
"Rosatis Pizza",2025-02-10,"GRECO_BELLISSIMO SINGLE SRI GANESH FOODS INC 630GRECOILLI",,"Debit",16538.34
"Rosatis Pizza",2025-02-10,"STOKES DISTRIBUT FINTECHEFT SRI GANESH FOODS INC R 92-3646577",,"Debit",320.55
"Rosatis Pizza",2025-02-10,"EBF HOLDINGS     8006192943 SRI GANESH FOODS INC. 187797",,"Debit",608.13
"Rosatis Pizza",2025-02-10,"PBG - G&A OU     CORP PMT 2004156387 ROSATIS PIZ 020920252052575",,"Debit",1042.01
"Rosatis Pizza",2025-02-07,"GRUBHUB INC      FEB ACTVTY SRI PAGANO 25020705NF6FB3B",,"Credit",160.40
"Rosatis Pizza",2025-02-07,"SHIFT4           PYMT PROC ROSATIS PIZZA - PONTOO 068880021925288",,"Credit",3419.75
"Rosatis Pizza",2025-02-07,"TRANSFER FROM X4649 TO X5247",,"Debit",500.00
"Rosatis Pizza",2025-02-07,"UBER USA 6787    EDI PAYMNT SRI GANESH FOODS INC 8Q2MMSXNTHSKO0S REF*TN*8Q2MMSXNTH\",,"Credit",21.08
"Rosatis Pizza",2025-02-07,"DOORDASH, INC.   5257 IL-11 SRI GANESH FOODS INC ST-T7O8C6L3C5Q1",,"Credit",1354.68
"Rosatis Pizza",2025-02-07,"EBF HOLDINGS     8006192943 SRI GANESH FOODS INC. 187797",,"Debit",608.13
"Rosatis Pizza",2025-02-07,"ADT SECURITY SER ADTPAPACH ROSATI'S PIZZA 404873621",,"Debit",52.99
"Rosatis Pizza",2025-02-07,"GRUBHUB INC      JAN ACTVTY SRI PAGANO 25020701NF6FB3B",,"Credit",123.66
"Rosatis Pizza",2025-02-07,"BILL PAID-SPECTRUM CONF #210",,"Debit",775.00
"Rosatis Pizza",2025-02-06,"NUCO2 LLC        WEB PAY SKI GANESH FOODS INC NUCO2",,"Debit",175.66
"Rosatis Pizza",2025-02-06,"SWITCH COMMERCE  0131 FUND SRI GANESH FOODS INC 187094",,"Credit",81.00
"Rosatis Pizza",2025-02-06,"UBER USA 6787    EDI PAYMNT SRI GANESH FOODS INC L14B2MY4EG7K5VJ REF*TN*L14B2MY4EG\",,"Credit",101.36
"Rosatis Pizza",2025-02-06,"CLEAN AR         CLEAN ACH ROSATI'S PIZZA 6218764",,"Debit",745.75
"Rosatis Pizza",2025-02-06,"SHIFT4           PYMT PROC ROSATIS PIZZA - PONTOO 068880021925288",,"Credit",2845.18
"Rosatis Pizza",2025-02-06,"ROBERT CHICK FRI FINTECHEFT SRI GANESH FOODS INC R 92-3646577",,"Debit",263.95
"Rosatis Pizza",2025-02-06,"CALL FORCE ONE   CALL FORCE ROSATIS PONTOON 30",,"Debit",165.00
"Rosatis Pizza",2025-02-06,"EBF HOLDINGS     8006192943 SRI GANESH FOODS INC. 187797",,"Debit",608.13
"Rosatis Pizza",2025-02-05,"PAYTRONIXCASH CD CASH C&D 1946 - SRI GANESH FOOD 1946 - SRI GANE",,"Credit",704.46
"Rosatis Pizza",2025-02-05,"ROSATI'S PIZZA E ACH DEBIT JAYESH PATEL 9024329814",,"Debit",350.00
"Rosatis Pizza",2025-02-05,"UBER USA 6787    EDI PAYMNT SRI GANESH FOODS INC NR7BUZ2O00L7Z2O REF*TN*NR7BUZ2O00\",,"Credit",20.31
"Rosatis Pizza",2025-02-05,"W/D SVC 1902 02/04/25 00002370 03 ROSATI S PIZZA 5147 PAGANO CT PONTOON BEACHIL C# 1567",,"Debit",3.00
"Rosatis Pizza",2025-02-05,"REWARDS NETWORK  SETTLEMENT ROSATI'S PIZZA 37962-029493613",,"Debit",2514.63
"Rosatis Pizza",2025-02-05,"EBF HOLDINGS     8006192943 SRI GANESH FOODS INC. 187797",,"Debit",608.13
"Rosatis Pizza",2025-02-05,"SHIFT4           PYMT PROC ROSATIS PIZZA - PONTOO 068880021925288",,"Credit",2400.66
"Rosatis Pizza",2025-02-05,"CHECK 20391",20391,"Debit",1935.00
"Rosatis Pizza",2025-02-05,"ATM W/D CARD# 1567 02/04/25 1902 03 ROSATI S PIZZA 5147 PAGANO CT PONTOON BEACH IL00002370",,"Debit",503.00
"Rosatis Pizza",2025-02-05,"INTEGRA GRAPHICS ACH ROSATIS PONTOON BEACH ACH",,"Debit",271.96
"Rosatis Pizza",2025-02-05,"TRANSFER FROM X1239 TO X4649",,"Credit",2300.00
"Rosatis Pizza",2025-02-04,"INTEGRA GRAPHICS ACH ROSATIS PONTOON BEACH ACH",,"Debit",1307.55
"Rosatis Pizza",2025-02-04,"UBER USA 6787    EDI PAYMNT SRI GANESH FOODS INC VMID8UZZO5X3Z0C REF*TN*VMID8UZZO5\",,"Credit",624.77
"Rosatis Pizza",2025-02-04,"DBT CRD CARD# 1567 02/03/25 1144 THE WEBSTAURANT STORE LANCASTER     PADBFARPXV",,"Debit",101.24
"Rosatis Pizza",2025-02-04,"ROSATI'S PIZZA E ACH DEBIT JAYESH PATEL 9024676324",,"Debit",1563.59
"Rosatis Pizza",2025-02-04,"EBF HOLDINGS     8006192943 SRI GANESH FOODS INC. 187797",,"Debit",608.13
"Rosatis Pizza",2025-02-04,"PAYONEER 7362    EDI PAYMNT SRI GANESH FOODS INC 366184856388670 REF*TN*3661848563*EZCATER PAYM ENT\",,"Credit",422.15
"Rosatis Pizza",2025-02-04,"TRANSFER FROM X1239 TO X4649",,"Credit",3000.00
"Rosatis Pizza",2025-02-04,"PLP COMMUNICATIO PAYMENT PATEL,JAY 202301999608 202301999608",,"Debit",187.79
"Rosatis Pizza",2025-02-04,"SOCIETY INSURANC 8885762438 JAY PATEL 419345838034",,"Debit",1495.24
"Rosatis Pizza",2025-02-04,"ARROW POS, INC.  MTHLY SUPP ROSATIS PIZZA PONTOON 614-657-5060",,"Debit",129.00
"Rosatis Pizza",2025-02-04,"ATM W/D CARD# 1567 02/03/25 1935 03 ROSATI S PIZZA 5147 PAGANO CT PONTOON BEACH IL00002365",,"Debit",403.00
"Rosatis Pizza",2025-02-04,"SHIFT4           PYMT PROC ROSATIS PIZZA - PONTOO 068880021925288",,"Credit",2271.74
"Rosatis Pizza",2025-02-04,"W/D SVC 1935 02/03/25 00002365 03 ROSATI S PIZZA 5147 PAGANO CT PONTOON BEACHIL C# 1567",,"Debit",3.00
"Rosatis Pizza",2025-02-03,"CHECK 20388",20388,"Debit",375.00
"Rosatis Pizza",2025-02-03,"SHIFT4           PYMT PROC ROSATIS PIZZA - PONTOO 068880021925288",,"Credit",4923.20
"Rosatis Pizza",2025-02-03,"SHIFT4           PYMT PROC ROSATIS PIZZA - PONTOO 068880021925288",,"Credit",6238.60
"Rosatis Pizza",2025-02-03,"CHECK 20396",20396,"Debit",5281.69
"Rosatis Pizza",2025-02-03,"CHECK 78",78,"Debit",904.60
"Rosatis Pizza",2025-02-03,"EBF HOLDINGS     8006192943 SRI GANESH FOODS INC. 187797",,"Debit",608.13
"Rosatis Pizza",2025-02-03,"CHECK 95",95,"Debit",902.45
"Rosatis Pizza",2025-02-03,"SHIFT4           FEES ROSATIS PIZZA - PONTOO 068880021925296",,"Debit",30.00
"Rosatis Pizza",2025-02-03,"TRANSFER FROM X1239 TO X4649",,"Credit",7000.00
"Rosatis Pizza",2025-02-03,"SHIFT4           PYMT PROC ROSATIS PIZZA - PONTOO 068880021925288",,"Credit",3164.24
"Rosatis Pizza",2025-02-03,"CHECK 20395",20395,"Debit",830.00
"Rosatis Pizza",2025-02-03,"TRANSFER FROM X1239 TO X4649",,"Credit",400.00
"Rosatis Pizza",2025-02-03,"SHIFT4           FEES ROSATIS PIZZA - PONTOO 068880021925288",,"Debit",2659.36
"Rosatis Pizza",2025-02-03,"GRECO_BELLISSIMO SINGLE SRI GANESH FOODS INC 630GRECOILLI",,"Debit",10581.82
"Rosatis Pizza",2025-02-03,"UBER USA 6787    EDI PAYMNT SRI GANESH FOODS INC AAPADDQZ5U2CL7R REF*TN*AAPADDQZ5U\",,"Credit",30.77
"Rosatis Pizza",2025-02-03,"CALL FORCE ONE   CALL FORCE ROSATIS PONTOON 30",,"Debit",163.35
"Rosatis Pizza",2025-02-03,"CHECK 114",114,"Debit",887.89
"Rosatis Pizza",2025-02-03,"CHECK 20394",20394,"Debit",550.00
"Rosatis Pizza",2025-01-31,"SHIFT4           PYMT PROC ROSATIS PIZZA - PONTOO 068880021925288",,"Credit",3108.01
"Rosatis Pizza",2025-01-31,"SOUTHERN GLAZER' FINTECHEFT SRI GANESH FOODS INC R 92-3646577",,"Debit",253.92
"Rosatis Pizza",2025-01-31,"BILL PAID-WASTE MANAGEMENT CON F #205",,"Debit",300.00
"Rosatis Pizza",2025-01-31,"POS DEB CARD# 1567 01/31/25 1310 RESTAURANT DEPOT 6455 MANCHESTER AV SAINT LOUIS   MO32765590",,"Debit",124.62
"Rosatis Pizza",2025-01-31,"GRUBHUB INC      JAN ACTVTY SRI PAGANO 25013129NF6FB3B",,"Credit",56.38
"Rosatis Pizza",2025-01-31,"BILL PAID-AMEREN ILLINOIS CONF  #215",,"Debit",3600.00
"Rosatis Pizza",2025-01-31,"DOORDASH, INC.   5257 IL-11 SRI GANESH FOODS INC ST-R7F9T0H7G0D5",,"Credit",723.62
"Rosatis Pizza",2025-01-31,"BILL PAID-AMEREN ILLINOIS CONF  #206",,"Debit",2300.00
"Rosatis Pizza",2025-01-31,"UBER USA 6787    EDI PAYMNT SRI GANESH FOODS INC 1575SEIKC3KL2M0 REF*TN*1575SEIKC3\",,"Credit",10.32
"Rosatis Pizza",2025-01-31,"INTEGRA GRAPHICS ACH ROSATIS PONTOON BEACH ACH",,"Debit",387.43
"Rosatis Pizza",2025-01-31,"EBF HOLDINGS     8006192943 SRI GANESH FOODS INC. 187797",,"Debit",608.13
"Rosatis Pizza",2025-01-30,"EBF HOLDINGS     8006192943 SRI GANESH FOODS INC. 187797",,"Debit",608.13
"Rosatis Pizza",2025-01-30,"ACCURATE ACCOUNT ACH SRI GANESH FOODS INC SRI GANESH FOOD",,"Debit",325.00
"Rosatis Pizza",2025-01-30,"W/D SVC 1333 01/30/25 00002353 03 ROSATI S PIZZA 5147 PAGANO CT PONTOON BEACHIL C# 1567",,"Debit",3.00
"Rosatis Pizza",2025-01-30,"ATM W/D CARD# 1567 01/30/25 1333 03 ROSATI S PIZZA 5147 PAGANO CT PONTOON BEACH IL00002353",,"Debit",503.00
"Rosatis Pizza",2025-01-30,"ROBERT CHICK FRI FINTECHEFT SRI GANESH FOODS INC R 92-3646577",,"Debit",276.35
"Rosatis Pizza",2025-01-30,"ILLINOIS-AMERICA PAYMENT ROSATIS PIZZA 220040678311",,"Debit",33.01
"Rosatis Pizza",2025-01-30,"UBER USA 6787    EDI PAYMNT SRI GANESH FOODS INC VFRZ76OSYSUITSK REF*TN*VFRZ76OSYS\",,"Credit",75.25
"Rosatis Pizza",2025-01-30,"POINTE PEST CONT 4698096852 JAY PATEL",,"Debit",85.00
"Rosatis Pizza",2025-01-30,"SOCIAL PAGE SOLU SALE PONTOON BEACH ROSATI S",,"Debit",200.00
"Rosatis Pizza",2025-01-30,"SHIFT4           PYMT PROC ROSATIS PIZZA - PONTOO 068880021925288",,"Credit",3549.37
"Rosatis Pizza",2025-01-29,"SHIFT4           PYMT PROC ROSATIS PIZZA - PONTOO 068880021925288",,"Credit",2533.85
"Rosatis Pizza",2025-01-29,"REWARDS NETWORK  SETTLEMENT ROSATI'S PIZZA 37939-029471156",,"Debit",2760.23
"Rosatis Pizza",2025-01-29,"UBER USA 6787    EDI PAYMNT SRI GANESH FOODS INC P1N22D566IV6G3U REF*TN*P1N22D566I\",,"Credit",72.37
"Rosatis Pizza",2025-01-29,"EBF HOLDINGS     8006192943 SRI GANESH FOODS INC. 187797",,"Debit",608.13
"Rosatis Pizza",2025-01-28,"ROSATI'S PIZZA E ACH DEBIT JAYESH PATEL 9024576127",,"Debit",1596.25
"Rosatis Pizza",2025-01-28,"UBER USA 6787    EDI PAYMNT SRI GANESH FOODS INC B8TOY9TYDNS1UV4 REF*TN*B8TOY9TYDN\",,"Credit",157.28
"Rosatis Pizza",2025-01-28,"SHIFT4           PYMT PROC ROSATIS PIZZA - PONTOO 068880021925288",,"Credit",2800.86
"Rosatis Pizza",2025-01-28,"SANDBERG PHOENI  PURCHASE ROSATIS PIZZA 127322961",,"Debit",4000.00
"Rosatis Pizza",2025-01-28,"PAYONEER 7362    EDI PAYMNT SRI GANESH FOODS INC 366184838827765 REF*TN*3661848388*EZCATER PAYM ENT\",,"Credit",991.86
"Rosatis Pizza",2025-01-28,"EBF HOLDINGS     8006192943 SRI GANESH FOODS INC. 187797",,"Debit",608.13
"Rosatis Pizza",2025-01-27,"UBER USA 6787    EDI PAYMNT SRI GANESH FOODS INC R8A9DUGNLNI8QOQ REF*TN*R8A9DUGNLN\",,"Credit",42.91
"Rosatis Pizza",2025-01-27,"CHECK 20393",20393,"Debit",550.00
"Rosatis Pizza",2025-01-27,"PBG - G&A OU     CORP PMT 2004156387 ROSATIS PIZ 012620252051330",,"Debit",2246.33
"Rosatis Pizza",2025-01-27,"CHECK 20390",20390,"Debit",2100.00
"Rosatis Pizza",2025-01-27,"CHECK 20392",20392,"Debit",780.00
"Rosatis Pizza",2025-01-27,"EBF HOLDINGS     8006192943 SRI GANESH FOODS INC. 187797",,"Debit",608.13
"Rosatis Pizza",2025-01-27,"PRAIRIESTATEGAMI VGTPAYMENT ROSATISPIZZA ROSATISPIZZA",,"Credit",1359.84
"Rosatis Pizza",2025-01-27,"TRANSFER FROM X4649 TO X5247",,"Debit",7000.00
"Rosatis Pizza",2025-01-27,"SHIFT4           PYMT PROC ROSATIS PIZZA - PONTOO 068880021925288",,"Credit",5780.37
"Rosatis Pizza",2025-01-27,"SHIFT4           PYMT PROC ROSATIS PIZZA - PONTOO 068880021925288",,"Credit",4082.49
"Rosatis Pizza",2025-01-27,"SHIFT4           PYMT PROC ROSATIS PIZZA - PONTOO 068880021925288",,"Credit",5918.01
"Rosatis Pizza",2025-01-27,"STOKES DISTRIBUT FINTECHEFT SRI GANESH FOODS INC R 92-3646577",,"Debit",150.95
"Rosatis Pizza",2025-01-24,"UBER USA 6787    EDI PAYMNT SRI GANESH FOODS INC 7PUUCUG65SCH1YS REF*TN*7PUUCUG65S\",,"Credit",15.30
"Rosatis Pizza",2025-01-24,"EBF HOLDINGS     8006192943 SRI GANESH FOODS INC. 187797",,"Debit",608.13
"Rosatis Pizza",2025-01-24,"GRUBHUB INC      JAN ACTVTY SRI PAGANO 25012422NF6FB3B",,"Credit",115.67
"Rosatis Pizza",2025-01-24,"DOORDASH, INC.   5257 IL-11 SRI GANESH FOODS INC ST-H2R6X7K8M9D0",,"Credit",1110.81
"Rosatis Pizza",2025-01-24,"TRANSFER FROM X4649 TO X5247",,"Debit",700.00
"Rosatis Pizza",2025-01-24,"SHIFT4           PYMT PROC ROSATIS PIZZA - PONTOO 068880021925288",,"Credit",3637.68
"Rosatis Pizza",2025-01-24,"BREAKTHRU BEVERA FINTECHEFT SRI GANESH FOODS INC R 92-3646577",,"Debit",529.01
"Rosatis Pizza",2025-01-23,"UBER USA 6787    EDI PAYMNT SRI GANESH FOODS INC NUZUOJXQCZEHJDS REF*TN*NUZUOJXQCZ\",,"Credit",135.15
"Rosatis Pizza",2025-01-23,"TRANSFER FROM X4649 TO X1239",,"Debit",5000.00
"Rosatis Pizza",2025-01-23,"SHIFT4           PYMT PROC ROSATIS PIZZA - PONTOO 068880021925288",,"Credit",2385.73
"Rosatis Pizza",2025-01-23,"CHECK 106",106,"Debit",106.77
"Rosatis Pizza",2025-01-23,"DBT CRD CARD# 1567 01/21/25 0949 THE WEBSTAURANT STORE LANCASTER     PADBJQIAZQ",,"Debit",331.45
"Rosatis Pizza",2025-01-23,"CHECK 20366",20366,"Debit",105.61
"Rosatis Pizza",2025-01-23,"EBF HOLDINGS     8006192943 SRI GANESH FOODS INC. 187797",,"Debit",608.13
"Rosatis Pizza",2025-01-22,"EBF HOLDINGS     8006192943 SRI GANESH FOODS INC. 187797",,"Debit",608.13
"Rosatis Pizza",2025-01-22,"SHIFT4           PYMT PROC ROSATIS PIZZA - PONTOO 068880021925288",,"Credit",3982.74
"Rosatis Pizza",2025-01-22,"ROSATI'S PIZZA E ACH DEBIT JAYESH PATEL 9024560930",,"Debit",1173.35
"Rosatis Pizza",2025-01-22,"REWARDS NETWORK  SETTLEMENT ROSATI'S PIZZA 37918-029448691",,"Debit",2430.04
"Rosatis Pizza",2025-01-22,"UBER USA 6787    EDI PAYMNT SRI GANESH FOODS INC XZ7D41R3TSWHNC5 REF*TN*XZ7D41R3TS\",,"Credit",475.62
"Rosatis Pizza",2025-01-22,"UBER USA 6787    EDI PAYMNT SRI GANESH FOODS INC T54XG8XKUWUQYL0 REF*TN*T54XG8XKUW\",,"Credit",11.59
"Rosatis Pizza",2025-01-22,"CHECK 20389",20389,"Debit",575.00
"Rosatis Pizza",2025-01-22,"IL DEPT OF REVEN EDI PYMNTS ROSATIS PIZZA OF PONTO 00000065307056 TXP*45038041*0411*20241231*T*8 28400\",,"Debit",8284.00
"Rosatis Pizza",2025-01-22,"STOKES DISTRIBUT FINTECHEFT SRI GANESH FOODS INC R 92-3646577",,"Debit",239.45
"Rosatis Pizza",2025-01-22,"CALL FORCE ONE   CALL FORCE ROSATIS PONTOON 30",,"Debit",201.30
"Rosatis Pizza",2025-01-21,"UBER USA 6787    EDI PAYMNT SRI GANESH FOODS INC 2AIM4WW5X3HG4R5 REF*TN*2AIM4WW5X3\",,"Credit",50.62
"Rosatis Pizza",2025-01-21,"JP IL GAME BD    IL GAME BD SRI GANESH FOODS INC R T20077464",,"Debit",100.75
"Rosatis Pizza",2025-01-21,"EBF HOLDINGS     8006192943 SRI GANESH FOODS INC. 187797",,"Debit",608.13
"Rosatis Pizza",2025-01-21,"PAYONEER 7362    EDI PAYMNT SRI GANESH FOODS INC 366184830045431 REF*TN*3661848300*EZCATER PAYM ENT\",,"Credit",351.65
"Rosatis Pizza",2025-01-21,"SHIFT4           PYMT PROC ROSATIS PIZZA - PONTOO 068880021925288",,"Credit",4743.01
"Rosatis Pizza",2025-01-21,"EBF HOLDINGS     8006192943 SRI GANESH FOODS INC. 187797",,"Debit",608.13
"Rosatis Pizza",2025-01-21,"PLP COMMUNICATIO PAYMENT PATEL,JAY 202273253780 202273253780",,"Debit",294.02
"Rosatis Pizza",2025-01-21,"SHIFT4           PYMT PROC ROSATIS PIZZA - PONTOO 068880021925288",,"Credit",6876.75
"Rosatis Pizza",2025-01-21,"SHIFT4           PYMT PROC ROSATIS PIZZA - PONTOO 068880021925288",,"Credit",5446.24
"Rosatis Pizza",2025-01-21,"GRECO_BELLISSIMO SINGLE SRI GANESH FOODS INC 630GRECOILLI",,"Debit",13989.91
"Rosatis Pizza",2025-01-21,"SHIFT4           PYMT PROC ROSATIS PIZZA - PONTOO 068880021925288",,"Credit",3962.08
"Rosatis Pizza",2025-01-17,"UBER USA 6787    EDI PAYMNT SRI GANESH FOODS INC 14G1SY2YSFM51US REF*TN*14G1SY2YSF\",,"Credit",83.70
"Rosatis Pizza",2025-01-17,"DOORDASH, INC.   5257 IL-11 SRI GANESH FOODS INC ST-O1Q0B8M2W3B0",,"Credit",717.52
"Rosatis Pizza",2025-01-17,"W/D SVC 1357 01/17/25 00002325 03 ROSATI S PIZZA 5147 PAGANO CT PONTOON BEACHIL C# 1567",,"Debit",3.00
"Rosatis Pizza",2025-01-17,"SHIFT4           PYMT PROC ROSATIS PIZZA - PONTOO 068880021925288",,"Credit",4542.35
"Rosatis Pizza",2025-01-17,"SOUTHERN GLAZER' FINTECHEFT SRI GANESH FOODS INC R 92-3646577",,"Debit",329.20
"Rosatis Pizza",2025-01-17,"GRUBHUB INC      JAN ACTVTY SRI PAGANO 25011715NF6FB3B",,"Credit",98.48
"Rosatis Pizza",2025-01-17,"ATM W/D CARD# 1567 01/17/25 1357 03 ROSATI S PIZZA 5147 PAGANO CT PONTOON BEACH IL00002325",,"Debit",503.00
"Rosatis Pizza",2025-01-17,"EBF HOLDINGS     8006192943 SRI GANESH FOODS INC. 187797",,"Debit",608.13
"Rosatis Pizza",2025-01-16,"MADISON CO SSA A 68IQXTVWFE ROSATIS PIZZA 618-931-3400",,"Debit",97.21
"Rosatis Pizza",2025-01-16,"ROBERT CHICK FRI FINTECHEFT SRI GANESH FOODS INC R 92-3646577",,"Debit",327.50
"Rosatis Pizza",2025-01-16,"CALL FORCE ONE   CALL FORCE ROSATIS PONTOON 30",,"Debit",173.25
"Rosatis Pizza",2025-01-16,"SHIFT4           PYMT PROC ROSATIS PIZZA - PONTOO 068880021925288",,"Credit",3344.51
"Rosatis Pizza",2025-01-16,"UBER USA 6787    EDI PAYMNT SRI GANESH FOODS INC 7SH203CTH330F1D REF*TN*7SH203CTH3\",,"Credit",26.75
"Rosatis Pizza",2025-01-16,"EBF HOLDINGS     8006192943 SRI GANESH FOODS INC. 187797",,"Debit",608.13
"Rosatis Pizza",2025-01-15,"TRANSFER FROM X4649 TO X5247",,"Debit",200.00
"Rosatis Pizza",2025-01-15,"EBF HOLDINGS     8006192943 SRI GANESH FOODS INC. 187797",,"Debit",608.13
"Rosatis Pizza",2025-01-15,"SHIFT4           PYMT PROC ROSATIS PIZZA - PONTOO 068880021925288",,"Credit",2221.09
"Rosatis Pizza",2025-01-15,"REWARDS NETWORK  SETTLEMENT ROSATI'S PIZZA 37896-029426560",,"Debit",1635.20
"Rosatis Pizza",2025-01-15,"BILL PAID-AMEREN ILLINOIS CONF  #198",,"Debit",3600.00
"Rosatis Pizza",2025-01-15,"UBER USA 6787    EDI PAYMNT SRI GANESH FOODS INC YVZQXWUYVLJQHWI REF*TN*YVZQXWUYVL\",,"Credit",52.09
"Rosatis Pizza",2025-01-15,"ROSATI'S PIZZA E ACH DEBIT JAYESH PATEL 9024481711",,"Debit",685.60
"Rosatis Pizza",2025-01-15,"TRANSFER FROM X4649 TO X5247",,"Debit",1000.00
"Rosatis Pizza",2025-01-15,"ROSATI'S PIZZA E ACH DEBIT JAYESH PATEL 9024480933",,"Debit",629.68
"Rosatis Pizza",2025-01-14,"PAYONEER 7362    EDI PAYMNT SRI GANESH FOODS INC 366184821036805 REF*TN*3661848210*EZCATER PAYM ENT\",,"Credit",772.59
"Rosatis Pizza",2025-01-14,"CHECK 28",28,"Debit",904.59
"Rosatis Pizza",2025-01-14,"EBF HOLDINGS     8006192943 SRI GANESH FOODS INC. 187797",,"Debit",608.13
"Rosatis Pizza",2025-01-14,"PRAIRIESTATEGAMI VGTPAYMENT ROSATISPIZZA ROSATISPIZZA",,"Credit",1310.48
"Rosatis Pizza",2025-01-14,"DBT CRD CARD# 1567 01/13/25 0943 AUTO CHLOR SYSTEM MOUNTAIN VIEW CADBQ7P2ZE",,"Debit",1853.95
"Rosatis Pizza",2025-01-14,"SHIFT4           PYMT PROC ROSATIS PIZZA - PONTOO 068880021925288",,"Credit",3000.16
"Rosatis Pizza",2025-01-14,"UBER USA 6787    EDI PAYMNT SRI GANESH FOODS INC 5CJ9UQXFR0V6DMU REF*TN*5CJ9UQXFR0\",,"Credit",533.52
"Rosatis Pizza",2025-01-14,"CHECK 45",45,"Debit",904.59
"Rosatis Pizza",2025-01-14,"CHECK 62",62,"Debit",905.00
"Rosatis Pizza",2025-01-13,"SHIFT4           PYMT PROC ROSATIS PIZZA - PONTOO 068880021925288",,"Credit",4192.89
"Rosatis Pizza",2025-01-13,"CHECK 20382",20382,"Debit",3400.00
"Rosatis Pizza",2025-01-13,"UBER USA 6787    EDI PAYMNT SRI GANESH FOODS INC K1CJSASTVK22WLW REF*TN*K1CJSASTVK\",,"Credit",60.73
"Rosatis Pizza",2025-01-13,"SHIFT4           PYMT PROC ROSATIS PIZZA - PONTOO 068880021925288",,"Credit",3387.53
"Rosatis Pizza",2025-01-13,"GRECO_BELLISSIMO SINGLE SRI GANESH FOODS INC 630GRECOILLI",,"Debit",15000.00
"Rosatis Pizza",2025-01-13,"SHIFT4           PYMT PROC ROSATIS PIZZA - PONTOO 068880021925288",,"Credit",6311.84
"Rosatis Pizza",2025-01-13,"EFT ACH ACCOUNT  ACH COLLEC SRI GANESH FOODS INC ROSATI'S PIZZA",,"Debit",2319.25
"Rosatis Pizza",2025-01-13,"EBF HOLDINGS     8006192943 SRI GANESH FOODS INC. 187797",,"Debit",608.13
"Rosatis Pizza",2025-01-13,"TRANSFER FROM X4649 TO X5247",,"Debit",1000.00
"Rosatis Pizza",2025-01-13,"DBT CRD CARD# 1567 01/11/25 0359 REPEAT RETURNS 859-7609118   KYDBKUC63E",,"Debit",60.00
"Rosatis Pizza",2025-01-13,"LAMAR            J2400 RCUR ROSATIS PIZZA CZ10000BRPG3C TRN*1*CZ10000BRPG3C\ RMR*IK*20250111 081252 328007 1 K6WG4\",,"Debit",3000.00
"Rosatis Pizza",2025-01-10,"DOORDASH, INC.   5257 IL-11 SRI GANESH FOODS INC ST-E0W9D9K6Z7W6",,"Credit",831.44
"Rosatis Pizza",2025-01-10,"SHIFT4           PYMT PROC ROSATIS PIZZA - PONTOO 068880021925288",,"Credit",3527.24
"Rosatis Pizza",2025-01-10,"EBF HOLDINGS     8006192943 SRI GANESH FOODS INC. 187797",,"Debit",608.13
"Rosatis Pizza",2025-01-10,"GRUBHUB INC      JAN ACTVTY SRI PAGANO 25011008NF6FB3B",,"Credit",169.23
"Rosatis Pizza",2025-01-10,"UBER USA 6787    EDI PAYMNT SRI GANESH FOODS INC NBMK6F6EY5MKP5J REF*TN*NBMK6F6EY5\",,"Credit",21.73
"Rosatis Pizza",2025-01-10,"BURWITZ SOSTAK A J2398 OOFF SRI GANESH FOOD INCJAY CZ10000BPKFBC TRN*1*CZ10000BPKFBC\ RMR*IK*BURWITZ SOSTAK AND WERN E\",,"Debit",2325.00
"Rosatis Pizza",2025-01-09,"CHECK 117",117,"Debit",1422.79
"Rosatis Pizza",2025-01-09,"EBF HOLDINGS     8006192943 SRI GANESH FOODS INC. 187797",,"Debit",608.13
"Rosatis Pizza",2025-01-09,"SHIFT4           PYMT PROC ROSATIS PIZZA - PONTOO 068880021925288",,"Credit",2717.78
"Rosatis Pizza",2025-01-09,"LIBERTY          MUTUAL SRI GANESH REALTY 2 *L 8277200",,"Debit",424.75
"Rosatis Pizza",2025-01-09,"CALL FORCE ONE   CALL FORCE ROSATIS PONTOON 30",,"Debit",138.60
"Rosatis Pizza",2025-01-09,"UBER USA 6787    EDI PAYMNT SRI GANESH FOODS INC M2BCUSCZ87FVEJT REF*TN*M2BCUSCZ87\",,"Credit",223.78
"Rosatis Pizza",2025-01-08,"REWARDS NETWORK  SETTLEMENT ROSATI'S PIZZA 37874-029404038",,"Debit",2376.67
"Rosatis Pizza",2025-01-08,"SHIFT4           PYMT PROC ROSATIS PIZZA - PONTOO 068880021925288",,"Credit",1879.97
"Rosatis Pizza",2025-01-08,"UBER USA 6787    EDI PAYMNT SRI GANESH FOODS INC 0V1IRKTM8WGYCEP REF*TN*0V1IRKTM8W\",,"Credit",74.39
"Rosatis Pizza",2025-01-08,"CHECK 113",113,"Debit",526.94
"Rosatis Pizza",2025-01-08,"CHECK 121",121,"Debit",109.69
"Rosatis Pizza",2025-01-08,"SPEEDPAY         WESTUNAMCP 0891016219 0891016219",,"Debit",6300.00
"Rosatis Pizza",2025-01-08,"EBF HOLDINGS     8006192943 SRI GANESH FOODS INC. 187797",,"Debit",608.13
"Rosatis Pizza",2025-01-07,"BILL PAID-SPECTRUM CONF #189",,"Debit",775.00
"Rosatis Pizza",2025-01-07,"SWITCH COMMERCE  0101 FUND SRI GANESH FOODS INC 187094",,"Credit",85.50
"Rosatis Pizza",2025-01-07,"ROSATI'S PIZZA E ACH DEBIT JAYESH PATEL 9024250409",,"Debit",1519.84
"Rosatis Pizza",2025-01-07,"IL DEPT EMP SEC      REFUND SRI GANESH FOODS INC R1118789712",,"Credit",2040.22
"Rosatis Pizza",2025-01-07,"EBF HOLDINGS     8006192943 SRI GANESH FOODS INC. 187797",,"Debit",608.13
"Rosatis Pizza",2025-01-07,"SHIFT4           PYMT PROC ROSATIS PIZZA - PONTOO 068880021925288",,"Credit",1596.59
"Rosatis Pizza",2025-01-07,"UBER USA 6787    EDI PAYMNT SRI GANESH FOODS INC 35GJ5Q8V7DVUKC4 REF*TN*35GJ5Q8V7D\",,"Credit",445.66
"Rosatis Pizza",2025-01-07,"ADT SECURITY SER ADTPAPACH ROSATI'S PIZZA 404873621",,"Debit",52.99
"Rosatis Pizza",2025-01-07,"NUCO2 LLC        WEB PAY SKI GANESH FOODS INC NUCO2",,"Debit",214.47
"Rosatis Pizza",2025-01-06,"EBF HOLDINGS     8006192943 SRI GANESH FOODS INC. 187797",,"Debit",608.13
"Rosatis Pizza",2025-01-06,"SHIFT4           PYMT PROC ROSATIS PIZZA - PONTOO 068880021925288",,"Credit",654.16
"Rosatis Pizza",2025-01-06,"TRANSFER FROM X4649 TO X4228",,"Debit",3100.00
"Rosatis Pizza",2025-01-06,"CHECK 109",109,"Debit",145.22
"Rosatis Pizza",2025-01-06,"SHIFT4           PYMT PROC ROSATIS PIZZA - PONTOO 068880021925288",,"Credit",7793.11
"Rosatis Pizza",2025-01-06,"UBER USA 6787    EDI PAYMNT SRI GANESH FOODS INC IOP6RRAYCRNXL66 REF*TN*IOP6RRAYCR\",,"Credit",168.07
"Rosatis Pizza",2025-01-06,"PLP COMMUNICATIO PAYMENT PATEL,JAY 202244389150 202244389150",,"Debit",68.39
"Rosatis Pizza",2025-01-03,"SHIFT4           PYMT PROC ROSATIS PIZZA - PONTOO 068880021925288",,"Credit",2134.02
"Rosatis Pizza",2025-01-03,"CHECK 92",92,"Debit",484.86
"Rosatis Pizza",2025-01-03,"ROSATI'S PIZZA E ACH DEBIT JAYESH PATEL 9023950348",,"Debit",350.00
"Rosatis Pizza",2025-01-03,"ROBERT CHICK FRI FINTECHEFT SRI GANESH FOODS INC R 92-3646577",,"Debit",145.75
"Rosatis Pizza",2025-01-03,"PAYTRONIXCASH CD CASH C&D 1946 - SRI GANESH FOOD 1946 - SRI GANE",,"Debit",1651.12
"Rosatis Pizza",2025-01-03,"GRUBHUB INC      DEC ACTVTY SRI PAGANO 25010301NF6FB3B",,"Credit",302.39
"Rosatis Pizza",2025-01-03,"DOORDASH, INC.   5257 IL-11 SRI GANESH FOODS INC ST-E2T4X7E0Q9K1",,"Credit",921.44
"Rosatis Pizza",2025-01-03,"DBT CRD CARD# 1567 01/02/25 1558 FLYING J 645 PONTOON BEACH ILDBB06HNL",,"Debit",70.89
"Rosatis Pizza",2025-01-03,"POS DEB CARD# 1567 01/02/25 1555 FLYING J #0645 1310 E CHAIN OF RO PONTOON BEACH IL64742200",,"Debit",9.07
"Rosatis Pizza",2025-01-03,"PLP COMMUNICATIO PAYMENT PATEL,JAY 202237259508 202237259508",,"Debit",187.79
"Rosatis Pizza",2025-01-03,"CLEAN AR         CLEAN ACH ROSATI'S PIZZA 6218764",,"Debit",595.64
"Rosatis Pizza",2025-01-03,"SOCIETY INSURANC 8885762438 JAY PATEL 418709959827",,"Debit",1495.24
"Rosatis Pizza",2025-01-03,"SHIFT4           PYMT PROC ROSATIS PIZZA - PONTOO 068880021925288",,"Credit",1854.22
"Rosatis Pizza",2025-01-03,"CHECK 111",111,"Debit",837.84
"Rosatis Pizza",2025-01-03,"ARROW POS, INC.  MTHLY SUPP ROSATIS PIZZA PONTOON 614-657-5060",,"Debit",129.00
"Rosatis Pizza",2025-01-03,"EBF HOLDINGS     8006192943 SRI GANESH FOODS INC. 187797",,"Debit",608.13
"Rosatis Pizza",2025-01-02,"SHIFT4           FEES ROSATIS PIZZA - PONTOO 068880021925288",,"Debit",3390.70
"Rosatis Pizza",2025-01-02,"CALL FORCE ONE   CALL FORCE ROSATIS PONTOON 30",,"Debit",151.80
"Rosatis Pizza",2025-01-02,"SHIFT4           PYMT PROC ROSATIS PIZZA - PONTOO 068880021925288",,"Credit",5202.40
"Rosatis Pizza",2025-01-02,"UBER USA 6787    EDI PAYMNT SRI GANESH FOODS INC G9SCE2T4BRZHTQV REF*TN*G9SCE2T4BR\",,"Credit",13.56
"Rosatis Pizza",2025-01-02,"ATM W/D CARD# 1567 12/31/24 2124 03 ROSATI S PIZZA 5147 PAGANO CT PONTOON BEACH IL00002292",,"Debit",503.00
"Rosatis Pizza",2025-01-02,"EBF HOLDINGS     8006192943 SRI GANESH FOODS INC. 187797",,"Debit",608.13
"Rosatis Pizza",2025-01-02,"CHECK 20386",20386,"Debit",780.00
"Rosatis Pizza",2025-01-02,"CHECK 20387",20387,"Debit",900.00
"Rosatis Pizza",2025-01-02,"EBF HOLDINGS     8006192943 SRI GANESH FOODS INC. 187797",,"Debit",608.13
"Rosatis Pizza",2025-01-02,"TELEPHONE TRANSFER PER:",,"Debit",100.00
"Rosatis Pizza",2025-01-02,"SHIFT4           FEES ROSATIS PIZZA - PONTOO 068880021925296",,"Debit",219.99
"Rosatis Pizza",2025-01-02,"W/D SVC 2124 12/31/24 00002292 03 ROSATI S PIZZA 5147 PAGANO CT PONTOON BEACHIL C# 1567",,"Debit",3.00
"Rosatis Pizza",2025-01-02,"REWARDS NETWORK  SETTLEMENT ROSATI'S PIZZA 37852-029381758",,"Debit",2720.55